1,0,0,-1,-2,0,2,1
2,1,-1,-1,0,0,-4,-2
-1,-3,-2,1,0,0,-3,-4
-1,-2,-2,-1,-1,2,-1,-1
-1,-2,-4,-1,-1,1,-1,-4
2,-4,-1,-2,-3,4,-1,-5
-1,-3,4,-1,-1,1,0,-5
0,-1,1,0,-1,-1,-1,-2
1,-2,-2,-2,-2,-4,0,2
-1,-3,-1,-1,-1,-4,2,3
-2,-6,-2,1,-2,-3,-4,6
-3,-3,-3,-4,3,-2,-6,-5
0,-9,-4,-2,3,-1,-4,3
-1,0,-7,0,1,-2,-2,-4
1,1,-7,-1,-3,1,2,1
0,4,-4,2,-4,-4,1,-1
0,7,3,-1,-4,-4,3,-4
-4,1,8,0,1,-3,-8,-9
-3,-2,6,-4,1,0,-3,-7
0,-4,3,-2,1,5,3,4
3,1,4,1,3,3,-6,-3
-2,-2,0,1,-4,1,0,0
-5,2,-4,2,-3,-3,0,-2
-3,0,-5,2,-4,-1,-2,-3
0,0,1,0,-1,-3,-2,0
-4,-3,0,1,-1,-2,-3,-1
1,-1,2,1,-1,-3,0,1
-3,1,1,1,1,3,3,2
0,-1,0,0,2,3,2,1
-2,-4,-3,-6,-3,-1,-4,-4
-1,-1,-2,-4,-1,-2,2,2
2,3,-1,-3,-1,0,-3,-1
-2,5,-3,-2,-4,-5,-4,-3
2,2,-2,-1,1,-1,1,-1
-3,-3,0,-1,0,2,-1,-2
-2,-6,0,1,0,1,1,1
-1,-7,-4,-1,-1,0,-3,-2
1,-5,-1,-2,-1,2,-3,-2
-3,-1,-4,0,0,1,-5,-6
0,2,0,3,0,-1,-2,1
-3,2,0,3,-3,1,5,-2
-1,4,2,-2,-3,0,2,-1
0,1,2,-5,1,-1,4,2
0,0,1,-5,1,0,1,-1
-5,-1,-6,-5,0,1,-5,-6
-4,0,-5,-3,-3,-2,2,2
-1,-2,-2,2,-3,-2,-1,-2
0,-3,-4,-1,-4,-4,-5,-4
4,2,2,2,-1,-2,0,2
2,2,5,4,1,2,-1,-1
-1,0,4,0,0,-1,-3,-3
-5,-5,-3,-1,-1,-4,-2,-1
-5,-10,-1,-1,-3,-1,1,1
-3,1,-1,0,-1,1,0,1
3,4,-3,-2,-1,1,3,6
3,0,0,0,-1,-3,-3,0
1,-3,-2,4,4,-1,-3,0
0,0,-1,0,1,2,1,-3
-1,-2,0,2,-1,0,-1,-4
1,-5,0,-2,-3,-6,-2,-1
-2,-3,-1,-5,-3,-1,-2,-7
2,-5,1,-3,0,-1,-1,3
-1,0,-2,0,-3,-1,-6,0
-6,1,-1,-1,-1,-1,3,0
1,4,2,-1,0,-2,0,4
0,3,0,3,-1,-2,2,1
0,1,-2,1,-2,-4,-5,-6
-1,-4,-1,4,0,3,0,-2
2,-3,-3,-1,2,4,7,6
-2,-4,-4,-6,-2,-3,-4,-10
1,-1,2,-3,0,0,0,3
1,2,1,-3,-3,1,-4,-6
1,3,-1,-2,-4,2,4,0
0,1,-1,0,0,-3,2,3
-6,-3,-3,0,1,-1,-4,-4
-5,1,1,0,2,2,1,0
-3,-5,2,2,-1,-2,-6,-2
3,0,2,3,-1,-3,0,5
0,-5,-3,-4,-6,-2,-2,1
0,-2,-3,-3,-2,-1,-3,0
3,0,-1,-1,2,-3,-7,-6
0,-2,-2,0,-1,-3,-5,-5
2,3,0,2,3,0,1,-1
-1,5,-2,-1,0,0,1,-1
-1,1,0,-3,2,-2,2,5
-3,-1,0,0,0,-4,-10,-6
2,0,-2,-2,-2,-4,3,1
3,-3,-3,-3,-2,0,3,-2
0,-2,2,0,-4,0,1,-2
-3,-6,-3,-5,-2,4,7,-1
-5,-4,-1,-2,3,2,2,0
-2,0,0,-3,0,-1,-3,-1
-4,-4,-5,-2,-3,-4,-6,-4
-5,0,-2,0,-1,0,-4,2
0,2,-3,0,-4,-3,-7,-1
2,-1,-4,0,0,0,1,-2
0,-1,2,5,0,1,2,1
1,-4,7,2,0,-1,0,-2
0,-5,2,-2,0,2,3,3
-2,-4,2,-2,0,1,3,0
-2,-1,-3,-4,0,-3,-5,-4
-4,1,-2,-4,0,-2,0,-1
-3,0,-3,-3,-2,0,-1,-2
1,2,-2,2,-3,-3,-3,-4
-1,3,-1,1,-2,-4,-1,-3
-1,-2,1,1,4,-1,-1,2
-6,-3,2,3,-2,-3,-2,-3
-5,-1,3,-2,-3,-1,0,1
0,-3,1,0,-4,1,-3,-3
1,-1,-6,-4,-2,2,-3,-3
1,0,-4,-2,-1,0,-2,-1
0,1,-3,2,3,-2,-4,-1
1,4,-4,1,3,0,5,1
0,2,-5,1,-2,-1,5,4
-3,-2,-3,-1,-1,1,-7,-5
-2,-3,-4,-2,-1,-2,0,-2
-2,0,3,-1,-1,-1,-1,-2
1,0,3,-5,-2,0,3,-2
2,1,5,-1,0,-1,2,2
-1,-1,2,-2,0,-1,-11,-5
3,-4,-2,-1,1,2,-2,3
2,-3,-2,3,-6,0,-5,-2
-1,-2,-4,0,-4,1,-2,1
0,-1,5,-1,0,0,-3,0
-1,-2,4,-3,-1,0,0,-2
-1,0,1,1,2,-3,-2,-1
0,3,1,0,1,-6,4,-3
-1,1,-4,0,0,-2,4,1
-3,-1,-5,-2,-3,-2,-3,-6
-2,-3,-3,-3,-1,-3,0,-2
0,-4,-1,0,-1,0,4,4
-1,-3,-4,-3,0,0,-1,-1
-1,1,-2,-3,4,1,-1,-1
-4,0,-6,2,1,1,0,-3
1,1,-2,2,2,1,-2,-1
0,-2,-2,-2,-5,-1,0,2
1,-5,-3,-1,-1,-1,-2,5
0,0,-1,0,-3,-1,1,0
1,0,-2,-1,-2,0,4,5
1,-3,-3,2,-4,-4,-3,-6
-2,-3,1,-1,0,-2,0,-2
-2,-2,2,-4,-2,4,5,-2
-2,-2,3,-4,1,0,-1,-6
0,1,3,-4,2,0,2,0
-2,-1,1,1,-4,2,1,0
-1,-1,5,2,-1,0,-9,2
0,-1,2,1,0,0,-4,-1
0,0,-3,-5,-3,1,-1,3
0,0,-4,-5,-1,-2,2,-2
0,-1,-2,-2,0,0,1,-1
-4,-5,-6,-3,-1,-1,-4,-2
-2,-2,0,4,2,0,-2,1
0,1,-1,2,-3,0,0,0
1,2,4,3,0,-2,2,1
1,0,1,0,-1,-7,2,2
-7,-5,-1,-3,-2,-4,-7,-7
-5,-1,-1,-2,-2,-1,-3,0
-2,-2,-2,-2,0,0,-2,0
2,-2,-3,-4,1,-1,1,-3
3,2,-2,-3,0,-2,4,0
0,1,0,-1,2,-4,-5,-3
-3,2,0,2,-1,-1,-6,-1
-4,1,-2,2,-3,0,0,0
-1,1,-2,2,-1,-1,0,-3
1,0,-1,3,-4,1,0,1
1,-3,-1,0,-2,-1,-1,0
-2,-4,-1,1,0,-1,-3,1
-1,-4,3,1,-2,1,0,-2
5,0,-3,-3,0,1,0,0
0,-4,-5,-5,0,2,2,-2
0,1,1,-4,-4,-2,-2,0
-6,1,2,-1,-2,-3,3,2
-9,-1,4,2,-2,-2,2,3
-2,-1,-1,0,0,-1,-3,1
2,-1,1,2,0,1,-2,-2
2,-3,0,0,2,-1,2,0
-2,0,0,-3,0,1,2,-1
-2,0,-2,-1,-1,-2,-2,1
-3,0,-1,0,-2,0,-2,-3
3,0,1,6,-1,1,-1,2
-1,-4,-5,-10,-2,-2,0,1
2,-2,-7,-11,-4,0,-1,-4
-1,-5,-2,1,-5,-2,-1,-3
-3,-2,-4,-4,-3,-1,0,0
1,1,1,1,0,1,-2,-1
-1,0,4,0,3,-1,-1,-1
-1,1,3,-2,3,2,-1,1
-1,1,2,0,-1,0,-1,1
-4,-2,0,-1,2,0,-3,2
-2,0,2,1,-1,-1,1,0
-2,1,0,-5,-2,-1,0,-1
2,-2,-5,-1,-1,1,-3,-3
-1,2,-5,1,-3,1,1,-1
0,3,-4,1,-3,-1,1,-3
-4,-1,0,4,1,-7,-4,-8
1,-1,-3,-1,1,-5,1,-1
-2,-3,2,1,1,-6,-4,-3
0,-4,2,-4,-3,-2,2,2
1,-2,-1,-5,-4,0,-1,-3
-1,-1,-1,-3,-1,1,-3,0
-3,-2,-1,-2,0,-3,-4,1
-3,1,0,2,1,-1,-2,2
0,1,-2,-4,-2,0,-2,1
1,2,0,-2,-1,1,0,-3
1,-4,0,0,-1,2,0,-6
-2,-3,-2,1,-1,2,-1,-4
0,-2,-5,2,-1,-1,1,-2
0,0,-3,1,2,-2,-1,-1
4,0,-2,0,-3,-8,-2,0
1,-1,2,0,1,-1,0,-2
0,0,0,4,-1,-1,2,-1
-2,0,4,2,-2,1,3,-1
-2,4,1,-2,-2,-1,0,-1
-1,1,1,-3,1,-2,-1,3
-3,0,-1,-4,0,2,-1,4
-2,1,-2,-6,0,1,-3,0
-1,-1,-2,-5,-3,0,-2,-4
-2,-1,-4,-1,-4,0,-2,-3
-3,-4,-4,0,-3,-3,-2,-1
3,-5,-1,2,0,-3,-1,-1
3,-5,2,3,2,-3,1,1
2,0,2,-2,1,-3,-2,-2
-1,1,2,-2,0,-1,0,-1
0,1,-2,-2,-4,1,-1,0
-1,0,-3,-2,-3,-2,0,0
0,0,-4,-1,0,4,0,0
0,-2,-4,-1,1,4,-1,0
-32,-2,-2,0,-1,-1,-1,-4
-12,-1,3,0,2,4,0,-3
1,0,0,1,1,-4,-4,-2
11,0,-2,-3,-1,-1,-1,-3
18,0,-2,-3,-1,-3,-1,0
7,-2,-2,2,4,3,3,0
1,-3,-2,-3,-9,-5,1,-2
3,1,1,-1,-2,-2,1,-1
-2,1,0,-8,-5,0,0,-1
-5,3,1,-1,1,0,-3,0
-1,-1,-2,4,5,1,-2,1
-3,-2,0,6,-1,-1,0,1
1,-2,3,-1,-1,-2,1,2
1,-1,1,-5,-3,2,2,2
0,1,-5,-6,-1,-3,1,-2
-2,-1,-2,-4,3,-1,-4,-4
2,-3,-2,0,-2,1,-3,-3
0,-3,-1,-1,-1,-3,-1,-3
-2,-2,1,0,-3,-3,-2,-2
-4,-1,-4,0,-4,-2,0,0
0,0,-4,1,-4,-1,3,0
1,-2,-4,0,-1,-1,0,0
-1,0,-1,-1,-1,2,1,-1
-1,4,2,4,-1,-1,-3,-1
0,-2,3,-1,-5,-1,-3,-2
-3,0,-3,-4,-5,0,-2,1
-5,2,-2,-1,2,2,-2,0
-2,2,-2,-9,-6,2,0,-1
-8,-1,3,2,5,-2,-3,-3
-4,-4,-2,9,9,0,0,-3
0,-6,-3,3,-1,-2,0,2
1,-3,-5,1,4,3,3,4
2,-6,-3,-6,-6,1,-1,2
0,-1,-1,-5,-9,-2,-1,-1
-3,1,-3,-5,-6,-5,-1,-4
-4,-3,1,4,4,-4,-3,-6
0,2,7,-1,-2,0,2,-3
0,-2,-2,-3,5,-4,-1,-4
2,4,2,-1,-4,-4,0,1
-3,-2,6,1,0,1,-1,1
-2,-4,-5,-1,2,0,-2,3
-3,0,-1,-1,-3,1,-2,-1
-1,-2,1,-3,0,4,1,0
1,-8,0,-6,-3,1,-3,-3
2,1,1,4,6,2,-4,0
-1,0,-2,0,-4,3,-4,-1
-1,1,-4,1,-1,-1,-5,-2
1,4,0,3,0,-1,-2,-1
0,2,-3,-1,0,2,-4,-1
-1,-1,0,-2,-3,-1,-2,0
2,0,5,5,-2,3,2,-2
2,0,0,-1,0,5,3,3
2,-3,-2,-2,-2,-4,3,1
-1,-12,0,0,-2,-2,2,-1
0,5,6,5,7,-5,-2,-2
0,14,-2,-6,-3,-4,-1,-6
-2,14,-6,-1,-4,-5,-4,-5
-7,-5,-9,-7,-3,-5,-2,-6
-6,-11,-6,-1,2,-1,-1,-2
-2,-3,6,1,1,1,-1,4
3,1,2,-1,1,3,1,1
2,-1,4,2,-2,-4,0,-2
4,-5,-2,-1,-2,-1,-2,2
1,-5,-3,0,-2,-1,1,1
-2,-7,0,8,0,-1,-4,1
-1,0,-2,1,0,12,-14,-1
-1,5,-1,-4,-6,6,-10,-2
-3,4,-4,-2,1,-4,1,-4
-1,-2,-2,-2,1,-2,3,0
-3,13,2,-1,4,-5,9,0
-7,-7,-3,2,0,-9,-8,-1
-3,-5,-10,-8,-1,-4,-8,-1
1,-4,-2,-8,-6,0,9,-1
4,-4,0,3,2,7,9,-2
-1,-4,-2,1,-3,5,13,-2
0,-5,-4,-2,-5,0,5,1
-3,-2,-3,-2,0,5,-1,1
1,2,5,-1,-2,15,-2,1
0,2,2,-3,-4,20,3,3
-2,-2,-2,4,4,22,0,-1
-1,3,-3,0,5,26,-1,-2
-2,4,0,13,-2,26,-3,1
1,-2,-8,-7,-3,13,-2,-1
1,-3,2,-3,-4,-9,-4,-2
3,-4,4,-5,-7,6,-2,0
-1,-8,-16,-4,3,6,-1,1
-4,2,-2,-5,2,-13,0,1
-6,-4,-5,-11,1,-16,-7,-3
-1,1,5,11,-5,-26,-1,-1
3,0,8,13,-8,-28,-2,0
6,1,-3,3,5,-8,1,1
1,-1,0,-4,0,16,4,-2
-2,-2,6,-3,-4,3,-2,-3
-14,-3,-3,-21,-1,3,-1,-1
-9,6,-1,-11,-6,-8,-3,-1
2,7,-3,2,3,0,-4,-2
5,-2,-9,-2,0,17,0,1
11,0,-2,4,2,-46,3,-1
5,0,1,7,11,-49,1,-3
-3,-2,3,4,-7,-49,-1,1
-7,0,-6,-5,-20,-29,0,1
4,0,1,2,25,-9,2,1
11,-4,-1,6,-3,5,1,2
3,-10,6,9,-22,1,-1,2
-6,-12,-5,-14,-4,-24,-4,-4
-4,-3,5,3,-12,7,-2,0
-3,-1,1,-13,8,9,2,-1
8,1,-3,-4,3,0,0,0
3,-5,-4,8,10,9,-3,-1
0,-20,-6,-1,7,29,1,-1
-11,-3,-7,5,-12,21,-4,-7
-15,8,-6,-12,-14,-9,3,-2
-6,4,2,13,7,-17,2,5
-18,-24,-10,-5,10,-17,-1,-2
-7,-11,-3,4,0,3,-1,0
-10,-18,-2,4,5,12,1,-1
-1,-38,-3,-7,-18,-15,-2,-4
8,-23,3,-4,-5,-11,-1,1
2,-12,5,4,8,18,-3,2
2,8,3,7,5,-3,3,-1
6,1,-7,-22,-16,-28,-1,0
1,5,1,-3,-17,11,-3,-1
-1,8,3,-1,15,39,0,-1
5,30,5,-1,-5,-81,-3,0
3,33,3,1,21,59,0,3
1,24,1,-4,-20,-19,2,0
5,12,-2,3,8,20,2,0
0,0,-6,-3,1,54,-2,-2
-1,4,1,7,20,11,4,2
4,15,0,2,-14,-11,-2,-2
4,0,-3,-2,-4,-4,1,1
-10,0,-5,-10,-20,8,-7,-8
-11,-7,-6,-1,-2,-17,-2,-2
-4,21,3,14,16,12,-2,0
-5,8,-1,-6,-1,6,-2,-2
-3,-11,1,-1,5,2,2,3
-1,0,9,3,-6,11,-1,0
5,12,6,0,-4,14,-3,-2
4,-6,3,4,-8,-10,-1,-1
4,-4,2,0,3,18,-4,1
-1,5,-2,2,9,15,-3,-3
1,-5,1,-4,-16,2,3,-2
2,1,-2,-9,-10,-27,2,-1
1,1,1,9,8,10,2,2
0,4,2,-6,-10,-3,2,2
-5,-11,-8,-5,6,-5,-3,-3
-4,-4,-7,-10,-11,-12,-4,-1
-1,-8,6,14,-11,-3,2,0
-4,-11,-10,12,13,-5,4,-4
-6,-2,-9,-7,5,-14,-4,-1
-7,-3,0,-3,-6,-4,4,4
0,9,0,-3,-1,9,-2,-1
-4,-3,4,-5,7,-7,-5,-3
-1,-4,9,5,6,4,-1,-2
2,6,6,0,-16,-16,1,-4
-1,-5,-5,-14,-4,8,-6,-3
1,6,2,-3,-14,0,-2,-1
3,7,1,-1,2,2,-3,3
-8,-5,-7,-2,4,-5,-3,2
3,-16,-1,15,17,4,1,2
7,15,-1,5,21,8,-1,-1
4,1,-1,-5,-20,-1,1,2
-1,-1,2,-4,-6,-10,-3,-3
1,0,1,-7,3,-2,4,0
-3,-11,-8,0,4,18,1,-2
-2,1,-3,-8,-10,7,1,-2
-1,3,0,0,-7,45,1,2
-1,-14,-1,-3,8,55,1,1
-1,5,-1,-1,-11,14,-7,-3
-2,-2,-5,-9,-5,8,-3,-1
-10,-26,-1,6,1,15,-3,-4
1,5,-3,-5,-2,53,1,-4
1,-3,1,-5,3,23,4,0
3,10,4,-1,5,26,1,2
0,-9,-3,-6,-11,-13,-2,0
3,-7,6,3,3,-12,-2,3
-2,-10,-1,-11,-16,24,-2,-4
1,11,-3,4,3,16,2,-1
-3,4,0,8,27,-17,-1,-4
-5,0,-7,-7,9,-3,-2,-3
-4,-6,-3,-1,6,-6,-3,-2
-3,-13,5,19,1,-7,2,1
-2,-4,-7,-31,-48,4,2,0
-4,0,-8,4,13,-51,-1,-1
2,-5,7,-1,-24,-11,-1,2
-2,-1,0,2,24,-25,-3,0
1,6,3,3,-2,-6,-3,0
1,3,4,-3,0,-7,1,1
0,-3,0,4,3,-5,2,-1
-4,3,-7,-2,9,0,-2,-6
3,1,-3,-9,-6,1,-1,-1
-1,2,-4,3,2,-2,-5,-2
4,16,0,-5,-1,-27,1,0
-2,-5,1,-4,-22,-3,0,-1
-2,-1,1,7,27,-6,-4,1
0,2,-3,-3,-14,9,-1,-2
-2,4,-5,-1,-6,-3,-2,0
-2,0,-1,-4,-2,2,0,-2
2,3,-1,8,5,-4,1,-2
0,0,2,-4,-2,1,-3,-3
-4,-5,-3,3,11,4,-3,-1
-1,-5,-3,-5,-5,-5,-2,-1
0,-1,-1,5,0,-1,-1,0
1,-12,-8,-4,-5,-1,0,0
1,-8,-4,-10,-11,-3,3,-2
2,-4,3,8,11,1,-1,2
5,-3,1,-1,7,-5,2,1
-5,0,2,3,-3,-39,-2,-2
-6,-1,-5,-1,6,-1,-3,1
-1,-6,0,-8,-14,-6,-2,-2
-4,-5,0,6,9,-1,-1,0
0,13,11,8,19,6,-1,-1
3,1,-7,-27,-48,-1,-4,-6
-4,-3,-7,-9,7,-5,0,-3
2,4,2,9,-2,-6,-4,-2
-4,-2,-5,1,-11,6,0,-1
-5,-6,-2,10,16,0,3,0
-1,-4,-6,2,-5,1,-4,3
3,6,2,6,8,-6,-2,0
-1,-8,0,-4,5,4,-2,-5
3,3,6,1,-3,2,-1,-4
1,4,5,-6,-4,1,1,-4
0,2,2,-5,-3,0,2,-3
-3,5,-1,-8,-11,3,-2,-3
-5,2,-2,14,10,-1,0,-5
-1,2,-7,-3,11,-3,1,-2
-1,-5,-3,-1,-19,0,-1,1
2,-5,1,-2,7,11,-1,3
2,-4,5,3,0,0,-5,4
-6,-5,-6,-11,-8,12,-5,0
-3,9,-3,2,6,1,-4,-1
0,5,-3,-8,-11,7,-1,-2
1,0,2,7,19,-1,2,-2
-6,0,1,-4,-7,12,0,-4
2,-2,-2,11,1,1,-1,1
-3,12,-9,-10,-11,0,1,-2
-1,3,4,13,23,4,1,1
3,4,1,0,-5,-4,0,0
-3,-15,-3,-8,-21,2,-2,-3
-3,-3,0,8,14,10,1,0
1,-2,0,-4,-5,2,1,2
-1,0,1,7,10,-3,0,-2
-1,6,1,-4,-1,-2,-2,0
2,-23,-5,-4,-19,4,-5,0
1,-2,-6,-1,-11,2,-6,-4
5,1,0,2,9,-1,-2,-1
-1,-5,0,-1,-3,5,-1,-2
1,4,-1,3,-5,-4,4,1
2,7,-1,-8,-8,7,3,0
-9,-22,-4,1,-5,-7,-1,-2
-3,1,-3,-1,4,1,0,2
-3,1,-1,0,12,-1,-1,4
-4,-5,-4,-4,3,1,-3,0
7,5,5,3,-18,-2,-4,-1
4,3,0,-5,7,11,0,-1
-3,-11,2,3,5,-3,-2,0
-2,-3,-4,-3,-12,-2,-3,1
0,15,3,0,5,1,0,-2
-8,-6,-4,-11,-6,-5,-3,-7
2,1,-2,3,-11,-1,-3,-2
4,-1,-5,-2,2,0,0,2
9,6,-7,-14,-6,0,2,1
3,-5,0,9,10,0,2,0
5,2,2,-8,1,-3,1,-3
-8,-5,2,3,7,-2,-4,-1
-12,-8,2,-4,-20,9,-2,-3
-4,7,2,0,7,-3,3,-3
-9,0,-4,-8,-15,1,-1,-2
-7,-2,6,-10,-18,0,-4,2
0,4,-8,-11,-5,-19,0,2
-3,0,-5,4,10,-5,-1,3
1,11,3,10,1,-3,-1,0
5,3,-1,7,0,-4,-3,-4
-7,-20,-2,7,-8,2,-5,-4
-5,-11,0,-7,-9,-2,2,0
-1,1,7,-1,9,-5,2,-2
-3,8,-6,-10,-6,2,-1,-2
-2,-6,-5,0,7,1,-3,1
4,-3,-9,-5,-4,-3,-3,0
-5,-1,-6,-3,0,1,-4,0
-4,-4,2,2,9,-2,0,-3
3,2,5,7,9,0,3,-3
-2,-3,2,-3,-12,-1,-4,-4
2,-1,2,-4,-7,0,-2,-2
-1,-2,-1,4,-3,-1,1,0
0,-3,0,-2,7,-1,-3,3
0,4,3,11,13,2,-3,1
1,-2,-2,-2,-13,0,-3,-2
0,1,-4,2,12,-2,1,0
0,-1,-1,3,8,1,-1,0
-4,-1,-1,-8,-23,-1,-2,-1
-1,-8,-1,-4,-13,-1,-3,1
3,4,1,7,5,-1,0,2
0,6,-8,-4,-5,0,1,-1
-2,5,-23,6,32,0,1,-3
2,1,-11,-2,-8,-4,7,-2
-4,-2,2,0,-8,0,-6,-4
-2,-4,15,0,-7,0,-5,1
-1,-2,10,-18,-21,-1,-4,0
-2,3,4,3,9,-7,-2,1
0,-2,-1,-6,-8,-1,2,1
-2,-5,-4,-5,-10,-1,-3,-4
0,0,4,4,20,-1,0,-3
-4,-3,-3,-7,-21,-21,-4,-5
-1,0,2,3,5,-4,-5,-6
4,6,1,0,15,-5,1,1
-2,-7,-12,9,13,-4,0,-1
2,0,3,6,3,-20,3,4
-2,-13,-3,-4,8,-4,5,2
-3,1,1,-6,5,-6,-1,-2
-5,3,4,0,-10,-2,-3,-1
-8,-23,5,17,18,-12,-4,-3
-4,-10,-13,-18,-46,-27,-3,-3
-3,-9,-7,2,6,-2,1,-3
0,0,3,3,-9,-19,1,1
0,14,-4,-4,9,-11,4,0
6,-9,-1,-1,9,-28,-1,0
-2,13,-5,5,14,9,-2,-3
1,5,1,-14,-24,2,-1,-1
1,32,-2,1,12,-18,-5,1
-2,12,-1,2,8,-10,-4,-1
-5,-12,-3,-1,-41,-1,-1,-1
2,2,7,7,10,-23,3,0
2,-16,-2,-7,-18,-16,-1,1
0,2,2,-2,3,-4,0,-2
-3,-5,-5,0,8,18,-4,-5
-2,1,-2,-1,-8,2,-2,-2
-7,-12,-3,-4,1,16,1,-3
-4,5,-7,-9,2,2,2,-1
3,18,0,13,5,7,5,1
3,31,-2,-7,3,-10,-3,-1
0,31,4,23,-7,23,-5,0
0,23,10,1,-6,42,2,2
-4,-58,-15,-14,2,21,-4,-4
-1,-55,2,5,5,14,1,-3
4,-30,0,-10,-2,-19,0,2
1,-15,-2,-10,-18,1,2,-1
5,32,-1,-1,2,29,1,2
3,31,-4,-10,-1,-3,-3,0
-2,22,1,-9,-6,-9,-5,-4
-3,31,3,0,8,2,-6,-1
-2,13,5,7,1,-9,-2,1
-3,6,-9,-5,-3,14,-2,0
0,-10,-8,-3,-1,-13,0,1
2,-5,-4,-4,-8,-4,-3,-2
-1,-78,-1,-2,10,16,0,-1
-2,-20,3,7,16,11,1,0
-8,10,0,-13,-10,21,-1,-2
-6,22,3,17,-3,-28,0,-6
-5,16,-3,6,-1,-2,-2,0
4,2,1,7,-6,0,-2,3
-1,-13,-3,-4,13,-1,-1,2
2,-19,-2,-13,-19,-8,-3,1
1,2,-1,-6,-8,-50,0,-3
-5,-8,-6,0,-2,-117,1,-2
-4,6,-5,2,5,-86,-5,-5
-3,-18,-4,-8,4,-4,-1,-2
-2,-4,4,-10,1,36,3,-1
-1,-14,5,-4,-10,62,-2,-1
-12,-13,15,15,10,50,0,2
-10,-80,-18,-25,-8,19,-4,-1
2,8,-3,-5,3,33,-7,-4
2,32,5,4,8,35,-3,-3
9,36,0,-3,-7,28,4,1
2,33,4,15,3,68,2,0
-5,11,0,26,-5,-41,3,-1
-4,-10,-9,2,-4,78,2,-1
-4,-5,-9,-5,-4,-39,-1,-1
-4,4,-2,-4,10,119,2,-2
-1,-4,-7,-17,-29,99,-2,0
-5,29,-5,0,-14,2,-1,-1
-1,-9,-3,7,-5,89,-2,3
-1,-13,1,-6,11,31,-4,2
1,-19,8,-1,21,92,-2,0
6,-28,1,-9,5,-15,-4,-2
4,-10,0,-1,-2,-58,-5,-3
4,6,2,3,5,-49,-2,-3
0,9,1,11,14,-122,2,-5
1,-4,-2,-5,-13,-124,2,-3
8,-7,0,-8,-4,-90,0,-3
8,-6,-4,1,-4,-70,0,3
5,-5,-7,-16,-14,-50,-1,3
-2,-6,0,4,0,-106,0,2
3,-4,-5,-2,7,-113,1,3
3,1,-5,-6,-5,-26,-3,-1
3,8,-5,-1,13,87,1,-2
1,-1,-4,2,10,127,-2,-1
-7,-8,2,5,-13,127,-2,-7
-8,-3,1,5,-1,97,0,-2
-5,-5,4,-7,-4,68,2,-1
-1,-1,10,0,0,46,0,-4
3,-4,0,-13,-1,24,-1,2
4,0,-1,-3,10,-37,1,1
0,6,1,19,-8,-46,-4,-3
1,5,-3,-1,-10,-40,3,2
2,4,-4,-13,2,-54,-2,-1
-5,4,-2,5,-1,-88,2,-1
-3,-1,-4,-8,0,-125,-1,-1
1,-5,-2,-3,1,-122,-3,-1
3,-9,-4,7,-9,-119,0,2
0,2,1,-2,-11,-67,-5,-1
-4,-7,0,1,20,-13,-8,-5
-1,2,2,-2,-14,79,-6,-2
1,4,1,-1,0,127,1,-4
4,1,1,-5,-1,124,2,1
5,1,-4,-7,4,121,2,0
-3,3,1,7,2,104,0,0
-2,10,4,4,13,95,3,1
2,10,3,-7,-14,23,1,-4
-1,9,2,-8,-22,2,-2,-1
-7,-1,0,4,5,24,-1,2
-6,4,0,1,-8,9,-1,0
-2,2,4,6,11,-13,1,0
3,1,-3,-2,14,-18,3,5
1,-11,-7,-2,-6,-23,2,1
2,-6,-3,3,0,-25,-5,-2
3,2,-2,-1,9,-20,-5,-1
-5,-8,-10,-9,-12,-11,-8,-2
-7,1,-3,22,-3,-18,-2,0
-6,-11,-1,-1,7,-20,2,-1
-7,-8,-2,-11,-17,-15,1,0
0,6,12,10,5,-1,2,0
5,2,1,-7,12,0,-1,-3
6,-18,-6,6,-4,-25,-2,-4
1,-9,-2,7,-14,-14,-2,-4
2,2,-7,-11,4,-24,2,-1
-3,5,-1,-6,-2,0,0,-2
3,24,3,5,6,-19,-1,-2
2,12,-1,7,6,-82,1,-2
-6,-12,-6,-9,-16,-90,0,-4
-5,-1,-8,-12,-4,-51,-1,-1
-8,-16,-5,14,-15,5,-2,4
-6,0,-2,12,15,66,3,3
-3,19,-1,-12,-17,74,2,-2
-3,18,5,20,5,54,-4,-3
0,-49,4,-12,-8,55,-4,-1
3,-50,3,5,7,42,1,1
-4,-40,-3,6,13,21,-4,-2
-2,24,-2,-12,16,13,-2,-4
-4,79,-3,-3,-10,-12,-3,2
3,61,1,-3,-5,-20,-4,-1
9,38,-2,-4,-4,-21,6,-1
6,-1,-4,-8,7,-27,2,-3
4,28,2,5,-9,-19,3,-1
-1,25,-1,2,5,-9,-1,-1
-7,7,7,10,7,2,-2,1
0,-12,0,-11,-5,4,0,2
-1,-4,-1,-21,-14,-6,0,-1
-6,-52,-2,-2,30,2,-3,-3
2,17,-3,-5,-23,3,-4,-1
-1,5,0,-4,10,-4,1,-3
-6,15,0,4,-3,-7,1,-4
1,21,-8,-3,-17,-11,1,-1
4,5,1,5,10,-5,0,-2
5,-32,4,3,0,-39,-2,-5
6,-28,-3,5,10,-12,-5,-5
-6,-34,-3,-8,-29,-62,-4,-2
4,-14,-1,11,13,14,-4,-1
-3,23,1,-2,-13,17,0,6
0,-27,4,-6,5,17,0,2
1,-5,1,-17,-4,9,-2,-2
-2,-2,4,1,-24,4,-2,1
6,4,-5,-3,0,-70,2,1
-6,5,2,10,44,12,-2,-1
-9,10,3,-5,7,40,3,0
-20,-10,-16,-22,-35,30,-1,-4
-14,-30,1,4,1,77,-1,-4
-8,-23,-7,-3,-4,19,2,-1
-3,0,-11,-2,2,26,8,2
-3,2,9,4,14,16,4,2
-5,-2,7,0,-2,7,-4,-1
-4,-5,-3,-9,-33,-38,-3,2
-3,-12,4,1,-11,-16,-9,-6
15,-14,-3,-3,9,-19,4,2
10,-11,-5,9,21,3,0,-5
6,-12,-2,-12,-43,-11,-5,-5
8,8,-9,-13,1,-6,-2,0
3,-5,-4,3,4,-16,2,2
1,-25,-10,-15,-5,8,2,2
-2,6,10,12,14,27,-6,-1
-5,-2,8,11,27,21,-4,0
-6,-2,5,-24,-38,29,-7,-2
-6,7,1,3,-10,53,-5,-1
-4,4,-6,10,21,26,-1,-1
-1,0,-5,-8,-17,51,-3,-3
-4,-10,-18,3,30,8,-2,-6
-2,-1,-1,12,-10,6,-5,-6
7,2,0,-2,2,79,-7,-3
6,2,4,-4,-10,0,-5,0
0,-3,8,-1,4,-20,-8,1
-4,-12,3,-6,3,-13,-12,4
1,-5,2,-7,5,-47,-30,4
9,0,0,5,-3,-7,-22,-2
4,-2,0,-1,8,20,10,-3
2,3,7,32,53,17,37,0
-4,6,-14,-44,-59,-2,38,4
-11,-4,-7,-4,-2,-58,21,3
-7,-4,-1,-2,-14,-80,9,-3
-2,1,3,1,-1,-62,-1,-5
-7,-3,5,41,111,-51,3,-4
-2,-1,-6,-46,-95,-99,-11,-6
7,9,8,-4,-39,-90,1,7
4,1,1,-4,74,18,-1,2
5,6,9,20,-29,57,5,0
-5,-6,-10,-9,-7,81,-3,-6
-6,1,6,21,71,89,-7,-1
5,19,-11,-38,-74,3,-4,4
-3,-8,-20,-24,-67,-6,-6,2
2,0,5,53,98,38,13,1
0,-9,-6,21,102,126,-4,-7
-1,-6,-11,-24,-74,94,0,-1
3,9,1,-19,-25,-108,2,5
-5,-3,3,2,-78,-73,0,-2
-14,1,15,34,73,18,3,0
-30,-5,3,16,6,-8,-8,-6
-9,-18,-22,-45,86,127,2,-1
5,15,15,5,-69,-55,-8,7
7,9,4,1,16,29,-10,-4
10,-1,10,79,104,-23,-6,-6
0,-11,-15,-30,-102,2,20,1
-4,5,5,27,125,-16,-1,-3
-8,13,9,-44,-109,-112,-13,3
-23,-18,-7,28,37,-126,-18,-3
1,17,6,-7,-20,-128,-14,7
-3,-10,-15,-42,-54,-89,-10,2
-6,-6,-16,-8,-11,-87,-5,-4
8,7,3,-25,-81,-124,-6,-2
0,3,5,36,58,-59,-4,-12
-1,5,-2,-9,-20,-11,18,-4
7,2,-3,2,-16,-61,26,-5
8,17,-3,-64,-58,-104,31,0
-11,3,15,53,127,-98,19,-12
-4,1,1,-30,-56,44,24,-1
13,16,-4,-10,-43,75,17,7
-3,-34,-4,-10,-11,127,10,6
10,-6,-9,-7,-77,127,-14,-3
15,9,15,43,73,121,-23,-43
0,-8,2,26,71,96,-45,23
6,-4,-12,4,-96,69,28,30
-34,-42,-1,6,31,26,21,-2
-2,7,41,8,30,22,-36,-68
100,-66,-6,-47,-77,27,92,89
112,55,21,20,2,17,-51,7
-97,-13,-103,-77,8,-9,-85,60
-105,-62,-35,85,124,6,-78,-86
22,-14,9,30,127,-44,-1,-45
-7,6,-30,-41,127,15,71,104
102,105,59,-47,26,-10,-1,-72
-81,-54,-22,-22,-38,1,44,-78
-128,-66,-81,38,-115,-10,-128,-39
-21,-119,-41,31,-124,32,11,53
45,-61,-19,10,-128,12,-38,84
1,-90,14,-22,-115,-83,127,122
-22,-56,31,14,-128,-70,127,14
-24,-125,-7,-30,-111,-92,1,-6
95,-128,38,107,-101,68,-80,12
127,-95,121,79,-128,-103,-125,-9
97,7,-60,82,-122,43,-4,89
20,99,-91,-65,-39,68,-128,-97
-40,115,-69,-74,87,71,-74,30
-49,127,-52,53,118,127,10,-33
-53,112,113,103,127,-29,-100,-10
-73,90,127,85,30,79,21,-10
-128,59,127,-57,-54,-121,62,-21
-101,127,-105,-128,-58,-72,82,47
-128,-96,-118,-128,-75,-30,-5,-33
-121,-54,-110,-122,-53,15,88,-24
101,-128,-8,123,-59,40,82,-33
121,-102,84,102,-48,40,-12,34
-65,-80,127,125,-51,43,5,-27
-103,-51,127,88,-24,20,-36,-16
-128,92,127,31,-28,11,42,-7
-67,-29,47,72,-26,33,14,35
61,-46,-110,17,-20,31,64,11
95,70,-77,92,2,-15,7,-12
66,108,52,62,-12,57,-11,-5
102,127,109,-99,-10,112,-36,33
75,82,127,-128,-6,115,-49,-19
70,-14,112,-109,4,34,-23,-7
68,8,41,-49,-42,59,17,-10
33,3,20,-74,-69,50,-28,5
85,112,23,-48,-72,13,-6,-14
117,63,-5,-63,-111,-1,10,7
105,-46,-44,-106,-39,13,-1,-12
69,-64,-30,-121,-16,11,5,11
52,-1,-50,-95,-114,-25,-8,-1
39,-19,-9,-33,-1,2,-2,-3
-5,-62,-50,-13,-19,-35,11,-10
0,-42,-51,18,-3,-36,23,17
16,-20,13,67,32,-46,18,-3
7,-61,36,103,14,-46,-20,-7
-18,-62,106,103,12,-67,-9,3
-16,-34,54,66,32,-55,-6,10
-17,-41,-11,43,35,-46,-3,8
-17,-65,-53,43,23,-27,-1,-15
-8,-52,-128,23,20,1,12,-1
14,-75,-102,20,-5,19,10,1
-10,-82,-84,9,6,22,-5,-10
-38,-40,-113,14,4,18,2,5
14,-2,-128,-4,-12,21,14,-2
17,5,-80,-22,-11,24,-1,14
14,22,-7,-20,11,22,-4,-15
20,23,43,-22,26,6,-10,-2
1,0,48,-31,14,-1,-3,-3
-15,-1,28,-26,15,-6,-3,2
-11,3,25,-32,22,-13,-2,6
-12,8,48,-23,-7,-19,-6,3
-25,-10,15,-44,-1,-18,-5,-2
-17,-8,-7,-3,-2,-15,12,6
-28,5,5,-4,4,-23,3,-1
-15,-6,13,14,9,-16,-1,-1
2,-5,-3,20,9,-9,-3,2
-16,-2,-9,11,16,-7,-4,-3
2,2,2,15,21,-3,-2,-4
6,-2,10,2,18,-9,0,1
-2,-14,-16,-19,16,-3,4,2
-12,3,-24,-13,16,-2,-10,-5
-24,-1,-5,-16,12,-3,2,-6
-44,2,4,-39,4,-5,2,3
-33,4,17,-12,-3,-8,5,0
-5,-1,14,12,-6,-6,4,3
0,1,15,21,3,-21,-1,0
16,-11,10,27,12,-21,-2,-2
-6,1,12,36,8,-12,-10,-5
-7,-3,3,32,7,-10,-10,-2
7,-1,-10,18,8,-13,1,-4
-8,0,5,24,4,-8,1,-7
4,-5,-12,10,-1,-5,3,-1
8,-22,5,0,2,7,-2,4
10,-3,9,-3,5,15,-6,1
24,-5,-7,0,-1,12,2,-2
-1,8,-13,1,-2,12,2,1
-5,20,-5,-7,-2,7,-4,-1
-8,10,-2,-16,5,-6,3,2
-9,6,-7,-10,-4,-14,1,5
-13,-1,-6,-6,-1,-10,-5,-1
-12,9,1,-13,0,-14,-10,-1
-10,0,3,-31,-2,-12,-9,2
0,1,1,-53,-2,-3,-7,1
-3,7,6,-25,6,-20,-6,-3
-10,-2,-5,-11,4,-11,16,-4
-11,2,-6,24,1,9,-1,-3
-1,0,-2,41,3,12,-7,-6
-5,-11,-8,26,-8,14,-5,1
-8,1,-4,28,-1,7,-10,-1
-5,6,-2,16,-1,10,-6,0
-9,1,-4,5,-1,12,2,-1
-10,0,-5,1,0,13,2,-1
0,3,-3,0,0,5,1,-5
3,-2,-7,-23,0,7,14,4
6,-2,0,-37,1,5,9,4
1,2,-21,-67,3,2,8,-3
3,4,-17,-77,1,3,1,-1
0,0,-11,-55,1,1,3,-3
-4,-3,-4,-103,-3,-4,1,1
-3,-4,3,-6,-6,-5,-8,-3
1,-1,-6,-21,-6,-5,-4,-2
-2,2,8,14,-3,-3,3,1
5,7,12,19,2,-3,3,-4
1,1,7,55,3,3,1,-2
-3,3,10,73,-2,3,-4,1
-4,3,5,114,0,-2,-8,-1
-4,1,8,41,2,-2,-7,2
-3,-1,14,-79,4,-1,-3,-3
-8,-2,4,27,2,-6,-1,-4
-6,0,0,-36,-4,2,1,1
2,-2,-5,122,-2,-10,1,1
11,-2,-4,127,-4,-14,4,3
7,-2,2,89,-1,-6,5,4
8,-2,2,90,-2,-8,0,-3
4,2,3,48,-4,1,-2,-3
3,2,4,5,-6,3,-2,0
1,-1,10,-12,-3,2,-2,0
1,0,5,-30,-5,-1,-5,0
-4,-1,-4,-34,1,-1,-5,-4
-3,0,-3,-21,1,-3,-3,-2
-5,1,-8,-25,-1,-1,2,3
-6,3,-9,-25,0,-3,-2,1
-5,0,-4,6,3,-1,-2,-2
-7,1,1,9,7,4,-6,-2
-10,-3,2,-20,2,7,-6,-4
6,-1,3,-49,-1,6,-3,-1
13,0,-1,-19,-3,4,4,3
9,3,-1,-14,0,1,7,2
5,7,0,-39,-1,1,-1,-3
0,8,-2,-30,-2,2,-2,-5
-4,9,-3,-29,-1,3,1,-1
-13,0,-3,-18,-2,-1,-2,1
-14,-4,-5,6,-2,-5,1,1
-12,-3,-4,3,-2,-6,0,-3
0,-9,-2,-15,-2,-6,-3,2
8,1,-3,-22,-4,1,-2,2
17,-1,-3,-17,-2,-6,-1,-2
13,-5,-1,-7,-2,0,-1,0
9,1,1,-10,-1,3,0,-2
1,1,6,-3,1,-1,3,2
-12,1,4,-5,-4,-1,-2,0
-28,0,0,1,0,4,-3,-1
-12,-5,0,-5,4,-4,1,-3
5,-4,-3,-19,3,-6,-5,1
11,-4,-1,-21,0,1,2,-1
7,-4,-3,-15,1,-6,20,-2
-3,-1,-6,6,-1,6,11,-2
-3,0,-3,27,-2,-3,1,-5
3,-1,-4,2,-7,-6,-10,0
8,-3,-1,-6,-2,-4,-15,0
4,-11,2,8,-4,-5,-9,6
6,-6,1,3,-2,-4,0,6
0,-10,-6,3,4,3,-7,-11
1,-6,-2,8,3,4,-3,-2
-1,-1,-1,5,2,-4,-2,-6
-3,-8,3,7,-2,-8,2,-1
1,4,1,6,1,-9,-1,2
4,5,1,5,3,-14,-1,0
4,4,-1,-7,2,-12,-2,-2
-5,1,-3,-2,-4,3,1,-4
-7,2,-2,6,-4,5,4,-1
-2,4,1,3,1,4,-2,-3
-2,0,-10,-6,1,1,0,0
-1,-1,-7,3,4,4,-5,0
0,-5,0,7,2,9,-1,1
-2,-9,4,-2,-7,6,-4,-2
0,1,9,-3,-5,3,-2,-3
1,2,-1,-9,-7,0,0,-3
2,-1,-3,-11,-4,2,7,4
-1,-3,-3,-10,-4,5,0,2
-2,4,-5,-9,-6,-1,-2,0
-6,8,2,-3,-2,1,-5,-1
-4,3,4,4,2,14,-2,3
-1,-1,-1,4,2,17,1,0
0,-4,4,4,2,45,9,-1
0,-3,6,5,4,42,3,-5
3,-9,-2,-9,-1,48,-1,-1
2,-4,-3,4,1,38,-4,3
1,3,-3,-11,2,1,-5,0
0,-7,-2,-82,-9,-17,1,3
-3,9,-6,-110,-9,-43,-5,-2
-4,-7,0,-128,-1,-34,-8,-5
0,-9,4,-63,1,-20,-7,-2
0,2,0,32,6,-28,-2,-2
-8,0,4,95,3,-21,0,-1
-4,10,-3,115,-3,-11,1,2
-2,1,-30,92,-4,-4,-1,2
-5,-18,-19,64,-4,-7,0,2
6,9,2,45,5,-33,1,-2
-4,-9,6,29,-2,-47,2,-4
-2,2,27,20,-3,-23,10,-4
1,8,6,6,-7,6,2,-2
-3,-20,1,-6,-6,17,-3,-2
-2,-2,1,1,6,33,-3,1
-3,-7,1,-16,-1,15,-3,3
1,-3,-1,-7,3,3,0,1
-3,1,3,-1,-1,52,-1,-4
-5,9,4,-5,-3,2,-1,-3
1,3,0,-7,0,29,-4,0
-1,6,3,-7,3,6,0,0
6,1,-3,-7,3,-34,2,1
2,-3,-8,-1,-1,5,6,-4
-6,0,-6,-4,1,-42,-2,-4
-5,-5,-10,-2,1,-55,-2,-3
0,-6,-3,-6,2,-71,-2,0
1,-2,-1,-6,0,-55,-7,0
-4,-1,5,-5,3,-43,-5,0
-7,-5,5,-8,1,-4,-4,-6
-9,-6,1,-11,-1,-4,0,1
-2,-2,-1,-13,-4,-3,-7,2
18,-2,-1,-60,-3,14,-5,1
12,-2,1,-16,1,11,0,1
8,9,-6,-6,-13,13,6,2
-8,-7,-7,20,-7,9,4,-4
-8,-1,-8,31,-3,6,4,-3
-2,4,-5,17,1,23,0,-1
1,0,2,14,2,15,2,1
5,2,5,10,-1,11,-1,3
-12,4,2,19,1,14,2,3
-17,-5,-1,2,-2,38,-4,3
-16,5,8,11,0,17,0,1
-7,3,0,-11,-1,-10,0,0
-6,-2,-1,-2,1,-14,-1,-4
-1,6,7,4,-1,-32,-4,-1
-2,-8,-6,1,3,-15,-13,-4
3,-1,-9,-8,3,-7,-13,-2
2,0,-2,-3,1,-7,-10,-1
9,2,6,3,4,16,-8,-2
1,1,12,11,-3,14,-11,-3
1,0,-12,-8,-11,5,-10,-2
0,-8,-8,-2,-4,15,-2,-4
2,3,-3,-4,-3,8,6,1
3,-2,1,3,2,4,9,1
-2,0,7,9,2,12,11,0
-3,0,-8,-9,-4,3,7,0
-2,-1,-2,-1,2,-11,8,-2
5,5,1,-14,0,-12,9,-2
1,0,5,-1,3,-10,5,0
1,3,-2,3,1,-25,-4,1
-4,2,0,0,-2,-15,-6,-1
0,-5,-5,0,0,5,-7,2
1,-20,-5,-14,8,22,-4,-1
1,0,31,43,6,10,-2,0
-6,-4,-12,-30,-7,-2,-5,-3
-10,6,-17,0,-4,8,-4,-4
-3,8,-12,-16,-5,15,2,0
-2,-2,-15,-20,-3,26,-5,-4
4,-1,6,0,-4,16,-4,0
-1,-7,-6,-18,-5,4,-6,-1
1,-8,2,-11,3,-13,-2,-1
-2,1,-1,-17,0,-8,-2,0
6,5,1,4,-3,-12,1,0
6,-1,-3,1,-3,-8,1,2
0,3,-1,21,-7,-20,4,-1
0,-8,-8,3,0,-15,1,-2
-1,-1,4,19,1,-2,4,0
-1,4,1,7,7,0,5,-4
1,4,6,1,-5,6,7,0
0,-3,-2,-8,-14,-1,9,0
-2,-5,2,0,-4,-7,13,0
-1,-5,4,-1,-3,2,5,0
1,1,-1,0,8,0,-1,-4
4,2,-7,-6,11,-4,-6,-5
3,1,-5,1,17,2,-8,0
1,2,0,3,-14,-5,-18,-1
-4,5,4,3,-11,-3,-13,0
-2,0,4,6,-5,3,-9,-1
-5,-11,-14,-30,-17,12,-1,-3
1,-7,3,-7,-13,7,8,1
4,2,4,12,-1,8,-2,2
-6,1,3,-13,-2,12,-2,-1
2,7,3,-3,-11,11,-4,-2
-8,-5,-10,-10,-7,4,0,-6
1,-4,-6,-40,8,3,8,0
8,2,-1,-9,25,0,9,4
1,0,-1,1,34,-9,11,-1
2,4,0,-7,27,-76,6,-1
0,-2,0,18,-12,-114,5,0
-5,-5,2,21,-16,-57,-4,-1
-5,-1,2,29,-9,-10,-10,-5
3,10,9,25,-5,49,-6,1
-3,4,-4,2,28,63,-13,-7
5,-1,-2,-7,9,44,-7,0
3,-4,-5,10,0,42,-5,-2
2,3,1,2,9,104,4,-1
2,-2,-2,1,8,44,10,-2
-3,-5,-8,-5,-15,12,14,-1
2,0,6,13,-7,9,11,5
1,-3,1,-2,-2,-36,6,0
1,2,3,-3,-13,-8,2,-5
1,-5,-3,0,-11,24,0,-5
2,-8,-5,-7,7,2,-5,0
0,-10,-10,-18,-8,-5,-6,1
0,4,1,0,-16,-3,-6,5
-3,3,-1,-5,-16,-24,-4,4
-7,3,-3,-13,10,-43,-3,-1
-9,-2,3,3,14,-27,-2,2
5,-6,-6,-7,-27,-103,-7,-5
3,2,3,-10,-10,-3,-4,-3
1,-5,3,13,-10,34,-7,-8
0,-5,-9,-13,-4,122,-2,2
-9,-6,-7,-11,20,127,3,5
-5,-1,4,17,43,127,-1,-1
-4,0,-8,-8,-29,127,-3,1
-2,-3,2,4,11,11,-5,0
2,3,6,16,12,-41,-3,2
-2,2,3,3,-10,-96,0,-1
-3,5,6,-3,2,-110,-1,-4
-5,4,-2,3,-16,-128,-5,-5
-6,3,-4,-8,-5,-104,-1,-2
-2,-13,-9,1,5,-2,3,2
0,1,-6,-4,-7,66,-1,0
2,-4,0,-6,-8,107,-5,-2
-1,-5,-5,-5,-4,127,-4,-4
-2,-7,0,0,-7,108,-2,-1
-8,-12,1,3,4,73,1,2
-4,0,-1,-5,5,66,4,5
-2,2,-3,4,-8,82,2,5
-1,1,-5,0,-7,54,-2,-3
-1,-1,-6,-14,8,29,1,-8
2,-2,2,-2,12,19,-3,-9
-2,-1,8,2,5,40,-3,-1
0,-8,3,-8,-9,21,-3,2
2,-4,3,-1,4,0,-4,3
3,2,1,3,3,5,-2,1
3,-1,0,4,31,20,0,-1
1,10,-6,-17,-40,6,0,-4
-1,5,0,2,17,-4,3,-2
-5,-6,-8,5,-34,1,-3,-5
-3,-1,0,3,-17,14,0,0
1,5,-5,-1,25,1,-3,2
0,-5,4,3,-12,-3,0,0
2,0,-1,-8,1,0,1,-2
-1,3,1,4,13,6,-3,-2
-5,4,0,-2,7,1,0,-1
-5,2,-3,-3,-12,71,-1,3
-2,2,4,1,2,99,3,4
-7,-4,-3,-3,-16,97,1,-5
-5,0,2,4,-8,60,-1,-3
0,-2,-4,-1,-18,4,-7,-4
-3,-3,-2,0,7,-5,-5,-4
6,-4,3,-8,-8,-36,-4,2
1,1,-1,6,-3,-46,-1,4
3,3,-2,-1,-3,-54,2,4
-5,-35,-8,-4,-18,-64,1,-3
8,-24,-2,-4,-9,-39,3,-2
5,-9,-2,-3,19,-41,-1,-3
4,5,-2,-4,7,-32,-1,-2
4,21,2,-2,1,-22,0,-2
-2,15,6,3,4,-21,0,2
-7,1,0,4,1,-5,1,-1
-6,7,-3,-6,1,-9,4,3
-4,3,-5,0,10,-13,4,0
-9,-2,-6,8,-4,-12,-6,-2
-8,-4,-4,-2,-1,-6,-1,-2
-2,-8,1,4,6,-1,2,-2
-3,2,4,-4,11,-10,4,2
-4,3,1,-10,0,0,-2,-2
-2,-1,4,0,6,2,-13,-2
1,-11,3,1,8,-22,0,0
1,-2,2,-4,4,-8,-1,-2
-2,5,-5,0,2,91,1,-1
-1,10,-2,6,-6,40,3,1
-1,-3,-4,-1,1,-38,7,4
-1,-4,-2,-1,-4,-55,-7,-7
0,-7,-5,6,0,-13,-1,0
-1,-4,5,3,-6,-24,0,-1
-3,-2,5,2,-11,-14,-4,-6
-1,5,-3,-3,0,-11,0,-6
6,9,-1,-1,-2,-8,-1,1
6,4,1,0,1,19,-2,0
3,0,-1,-5,3,20,-3,3
-2,2,-1,6,-1,20,-5,2
-8,0,-4,1,0,-2,-3,-2
-3,4,4,1,-3,83,3,2
-9,1,6,9,-12,92,-1,-1
-9,-4,-5,-21,-8,76,-2,-1
0,-4,-4,2,1,-31,0,1
-3,-8,-7,-6,3,-57,-3,-5
-3,-4,-5,-2,5,-20,-4,-6
1,-1,9,6,-2,2,1,0
6,-3,5,-12,-6,-44,0,-1
13,-3,-2,-7,-4,-36,2,0
7,0,1,0,0,-15,-4,1
5,0,-4,4,0,-22,1,6
-2,-5,-5,-1,-3,102,-3,0
0,1,-3,-5,-2,119,-4,0
2,2,-4,-6,8,127,2,-1
-2,6,-1,-3,35,72,0,-2
-8,-1,3,-3,23,2,0,-9
-3,-2,3,4,56,-90,1,-6
-9,-3,-1,6,31,-128,-4,-1
-7,-4,-7,1,21,-128,4,1
-20,6,-7,3,1,-22,4,0
-16,5,-6,-10,-20,-106,2,-1
-10,-3,-1,-5,-41,-59,0,-1
-1,-8,5,1,-37,-128,-3,1
8,0,1,-7,-21,-1,-3,4
4,0,6,4,-20,127,-8,-3
11,-10,2,-1,-6,37,-3,1
8,-6,2,5,-17,23,-9,-2
6,-10,9,5,-14,-81,-1,-5
-4,-18,-5,7,-4,-106,10,3
1,-1,-10,-1,-12,-75,7,2
-11,-8,-4,25,-1,-21,2,0
-7,1,-8,3,-4,-71,0,4
-10,-10,1,-1,14,-42,-3,1
-11,-5,-4,-6,16,-23,-6,-4
8,6,-3,-7,-11,-2,-1,-1
14,9,1,-16,-18,-22,0,-5
17,11,1,11,-5,-16,-2,0
12,7,1,-11,9,-17,-1,-1
9,7,1,1,-17,-2,-5,-7
3,0,0,-1,-3,-86,-1,-3
-2,6,-3,-12,-31,30,1,3
-4,11,-5,-11,0,-92,-1,2
-4,6,1,8,10,-98,5,1
0,-7,0,-1,9,-117,-4,-5
2,-8,0,2,3,-87,-3,0
1,-3,-4,-8,-9,92,-4,2
-5,-3,3,-7,-5,127,3,-1
-1,-10,-4,-2,-2,127,2,-4
1,-8,-1,-2,1,96,3,-1
2,-6,-5,8,4,96,-2,-2
2,3,5,14,9,56,1,-3
-3,7,0,4,4,20,-1,-1
0,4,-1,-1,-11,-6,-2,-2
0,0,1,-13,-27,-13,7,-7
5,3,-6,-11,-3,34,-2,-2
-2,2,1,-2,2,-10,-5,0
-5,-4,1,2,0,-46,2,0
-7,-4,-1,-2,0,-70,0,-2
-6,-6,-8,-25,-2,-83,4,-1
-7,2,1,9,17,-35,0,4
-14,-20,-7,-3,9,-52,-2,1
-1,-13,3,10,-2,-49,-1,2
6,-10,6,6,-7,-29,-13,2
-5,-1,1,-28,-3,-14,-14,1
9,32,-4,-24,1,0,-14,0
4,21,1,12,14,-10,-15,-5
1,4,-6,1,-1,4,2,0
11,11,0,16,9,6,2,1
11,6,0,2,-4,-13,-5,-3
6,-8,-4,-3,-30,-13,2,-4
7,-23,0,8,24,-8,-2,-1
14,-54,-1,-6,-11,-14,-6,-1
25,-12,3,-1,-4,-9,-7,2
24,6,-3,-5,17,-3,-12,0
-3,48,-5,-11,-7,0,-3,-1
-13,34,4,22,-8,-4,6,-2
19,15,-8,14,11,-8,13,-1
17,-17,2,9,-18,-27,13,0
10,-3,2,-4,-3,-17,14,-1
-4,3,-4,-3,3,-46,18,-1
-27,-6,0,3,-18,-102,21,-3
-25,-7,-2,-3,8,-80,25,3
-27,-18,5,-2,6,-58,6,-1
-19,-6,2,-4,9,-71,-2,1
-19,-7,0,-3,0,-8,-9,-2
-7,2,-5,-17,-10,5,-3,1
-4,15,4,-4,-2,56,-20,1
0,-15,-3,22,15,74,-3,1
1,-10,-6,-10,-23,46,-2,-2
1,4,-1,10,9,37,-4,-5
1,2,-2,10,7,67,-1,-6
8,5,-4,-19,-16,66,-4,-3
1,5,-3,0,-7,64,3,-1
-14,3,-2,4,1,43,-11,-5
-5,-1,-3,-12,-4,33,-6,-1
-16,9,6,27,13,-8,-8,2
-23,-3,-6,-9,5,3,-5,2
-16,-3,4,-7,-6,12,2,7
-3,-10,4,6,-5,11,4,3
7,-2,7,-7,-1,30,4,-3
2,-2,7,-1,5,2,1,-6
4,-7,13,16,30,-2,0,-2
1,0,-16,-31,-12,7,0,-6
1,2,-13,-17,-18,29,1,2
7,12,9,20,25,55,5,6
-3,2,-21,-28,-22,24,-23,-13
-3,-5,-6,1,0,-28,-3,0
-6,-3,-1,-11,-14,-43,2,0
-6,-1,4,-9,9,14,0,0
-11,0,8,9,8,-19,6,4
-8,-5,7,10,7,-68,-5,-7
2,5,-6,-3,2,50,-1,-9
4,1,7,7,8,67,0,-3
12,3,2,6,0,115,6,2
7,-3,-10,0,-3,115,2,9
7,5,4,-12,-34,85,-3,4
0,2,-12,-25,-18,37,-7,1
-16,-5,-13,-16,-11,-24,-2,-1
-1,-2,11,20,17,-43,1,2
-3,-9,-2,1,-12,-55,1,-2
-2,-4,6,-5,14,-42,-4,-6
5,-1,3,6,-7,-46,-2,-2
6,-7,-14,-26,15,-29,2,4
1,7,15,38,8,-13,2,0
-8,-11,-12,-3,-30,-52,-1,-6
-4,2,9,10,9,-20,0,0
-4,2,9,-3,1,2,3,0
-4,-18,-20,-4,18,-2,-6,0
5,4,-4,-16,-8,-24,-3,3
1,-3,1,12,-2,6,-4,-4
6,0,6,3,-5,8,0,-1
0,6,1,-24,8,-17,0,3
2,-4,7,32,12,-10,6,5
1,-1,-24,-53,-19,5,0,2
-4,-1,5,23,-6,-13,-11,-7
2,0,2,25,31,-6,2,1
-5,1,1,3,-24,-2,-7,-5
-4,-4,0,11,10,7,-4,-2
-6,-4,-4,-5,-14,-8,-2,2
-3,-5,-5,-25,-27,5,-4,-3
-2,-2,0,3,15,9,2,0
7,10,8,12,30,6,-2,-1
-1,-3,-10,-14,-52,4,-2,-5
2,5,5,3,20,20,-1,-3
-5,-4,3,0,-3,38,-1,-5
3,2,0,2,3,29,3,-1
5,6,4,10,27,26,4,0
7,-1,-13,-38,-31,24,6,4
5,3,3,9,-8,-8,-2,-5
0,-5,-3,7,6,0,0,1
-2,-5,2,-2,-18,0,-1,3
-2,0,-1,-8,34,-7,-2,3
-6,-4,11,18,-13,-36,-2,6
-15,-6,-11,-22,-21,-25,-5,-1
-5,7,0,2,24,-16,-1,-4
0,0,4,11,-26,-28,-4,-4
3,0,2,3,63,23,0,1
7,0,-7,-27,-58,-2,1,0
1,-2,-1,9,16,80,7,-2
2,-6,-1,-6,-77,-30,-5,-2
2,-1,-1,2,74,39,1,-3
3,-1,4,19,86,54,-1,0
2,-3,-12,-20,-84,-76,-10,-6
0,5,3,26,54,15,0,-1
-5,1,-8,-41,-128,-27,-8,-4
-3,4,14,27,74,-2,7,-1
-10,-27,-19,-11,-35,23,-4,-1
-4,-4,4,31,102,60,-2,-2
1,-2,-8,-39,-128,-128,-6,0
-3,9,10,11,44,75,9,2
0,8,15,56,111,87,14,4
2,-7,-34,-89,-119,-50,-12,0
1,-7,-2,28,115,76,-6,-2
-4,-8,5,8,-43,-37,-11,-9
-3,2,9,4,10,45,-1,-3
-1,1,3,36,124,-28,12,2
1,2,-6,-21,-61,-83,1,5
0,-2,-15,-64,14,-82,0,3
6,14,13,23,-3,30,-6,-5
5,22,24,29,17,30,-2,1
-6,-14,-20,-12,-20,-40,-12,-9
6,4,2,25,50,12,2,-1
-4,-20,-29,-38,-1,18,1,-2
-1,-11,-6,14,45,64,3,-5
2,-2,9,45,51,-25,-4,-1
-2,-4,5,-4,-61,-20,-2,-2
1,1,11,9,54,-14,11,-2
-1,-4,2,-32,-43,-29,4,-2
-2,0,-1,-6,-9,95,8,9
-3,-23,-11,35,15,59,0,8
19,49,19,-37,-50,-123,-58,-21
14,-8,22,38,78,-128,-4,-31
45,75,43,-33,-42,-112,-2,98
-23,13,-19,-53,-32,-64,31,-100
-6,-30,12,112,27,-45,-100,83
93,55,16,7,-83,-15,55,37
-85,-65,22,127,93,39,8,27
-77,24,-16,36,-25,-88,68,-65
-49,-25,-41,-128,-126,-66,97,-109
4,-43,-36,-35,74,44,-113,95
50,62,-55,-16,114,-55,50,-10
71,-5,-18,-15,-11,-99,-109,4
-107,73,-23,-15,127,5,-30,-87
-118,7,10,-117,-85,66,81,-75
-29,-9,4,-35,58,123,-98,-39
-52,-127,-63,-81,-108,122,-54,-9
7,-27,21,83,-108,50,3,28
-90,12,36,89,-90,108,-36,18
-105,29,80,127,-107,101,31,28
12,31,32,98,-7,121,101,90
125,-47,-4,-100,-115,75,21,66
107,-34,-3,-30,-60,-127,13,-15
90,-20,60,-114,48,83,15,-27
81,7,127,39,127,117,-19,30
20,-27,-2,94,127,77,-7,-13
-18,37,109,117,78,125,-32,-37
18,-25,-71,108,-58,-122,-11,14
-56,6,-72,-17,-126,-121,3,-63
-82,-1,-104,-72,-101,-82,0,48
-119,6,-77,-25,-101,-42,24,15
-98,34,77,55,50,44,-1,-30
-77,67,-37,127,111,35,4,36
64,38,-23,45,121,-16,29,-3
118,-16,-128,99,72,34,17,-19
127,-38,-44,97,-47,48,1,-6
88,-34,-94,127,-116,-9,-3,16
26,3,-97,69,-18,13,19,-2
7,-45,-62,-16,-66,113,-30,10
-29,-49,-40,-18,29,125,1,-30
6,-14,60,-76,22,123,-18,9
-3,-5,113,-88,15,38,-9,-5
106,28,105,-80,108,-5,6,-4
45,23,37,-128,-81,-80,-13,-23
9,6,87,-128,48,-28,-24,6
-29,4,76,-76,-78,-99,-2,14
-54,-3,30,-33,-4,-128,-20,-12
-33,-3,-8,-50,7,-63,7,-11
-11,-30,17,3,11,-78,8,9
-20,-42,30,44,5,-40,7,0
-36,16,6,6,-12,-36,7,3
-15,32,-19,-16,-10,10,-7,-12
-22,62,2,-16,-13,43,-7,6
-3,20,-3,18,-5,80,0,8
-23,-12,-26,-1,-22,71,-13,-8
-15,6,-25,-7,11,66,4,8
-12,-7,-13,-10,-7,19,1,5
-13,-4,-10,14,14,17,-3,-9
-22,-9,-8,12,7,-7,10,2
-10,-12,-15,-17,8,-25,-3,-5
5,-2,7,9,8,-76,-4,-1
-11,5,12,21,8,-34,-8,-8
-28,-9,2,10,3,-26,5,5
72,-15,-16,-14,-29,-35,6,0
37,5,6,-7,1,-1,-3,-4
63,10,7,19,17,0,3,1
94,5,7,13,5,-22,3,4
41,-7,-7,-13,2,-12,-6,-3
1,10,0,-8,-1,5,-2,4
-73,2,3,-1,4,12,4,1
-64,-29,-10,-7,-3,11,2,0
-41,-12,-10,1,9,2,-8,-1
8,0,-3,-8,-9,6,-3,1
-16,-1,-5,3,6,25,3,-1
-23,6,-4,2,-15,16,0,-4
-20,4,-11,-13,6,0,7,-5
-24,-6,-18,-26,-9,14,4,-2
3,5,8,-9,-2,11,0,-4
0,6,1,-25,2,15,0,1
-13,-3,5,-4,-1,4,6,-1
-7,-4,9,-2,-3,-26,-2,-3
15,1,5,15,1,-15,2,3
6,-1,-1,19,-1,-21,-5,3
-19,-7,-4,20,6,-21,-5,3
1,7,4,22,-1,-35,-5,-3
11,2,-3,10,4,-36,-4,-2
-7,5,2,9,2,-61,-1,-3
-15,-1,-2,2,2,-3,1,1
11,-4,2,8,-6,19,-1,0
18,-8,-3,0,-5,36,1,-2
8,-1,-1,-4,-5,37,-1,-8
-5,0,-3,-7,-2,25,1,-5
-1,0,0,-8,-2,24,-1,-1
-4,-3,4,-7,3,12,-5,4
-9,0,3,0,-5,14,1,5
-1,4,2,2,-1,17,3,1
-7,1,-2,-8,-5,8,1,-4
2,1,-3,-7,-2,-34,1,-7
-1,-3,3,-3,-9,-29,-4,-2
-4,-8,-5,-9,-4,8,-3,5
-2,-2,-4,-3,2,3,-1,4
-4,-4,-4,3,6,12,-1,0
-2,-5,-5,-1,1,-7,-4,-6
-3,2,2,3,6,-17,1,-2
-3,2,0,-7,9,-19,-1,0
6,1,-2,-26,4,-4,0,0
1,-3,4,-42,3,6,5,1
-3,-3,0,-24,-1,-2,4,2
-1,1,1,-67,-18,0,1,4
0,2,2,-113,-2,3,-2,0
1,2,0,-54,7,3,2,-3
4,-2,2,37,2,-9,-4,-5
7,0,0,120,-7,-11,-1,-2
0,3,2,127,-12,-10,-1,1
-4,6,-3,114,-10,-25,-2,0
-2,0,-6,50,6,-12,-4,-5
0,-2,-6,44,11,-8,-4,-2
3,-4,-3,35,2,0,-6,-2
-2,0,-2,-16,9,18,-2,0
-1,1,1,8,3,20,2,0
-5,-5,-1,-6,-4,15,-2,0
-1,-9,-3,12,-4,4,-3,-6
-3,-3,-1,-7,-2,3,1,-2
-1,-2,0,-41,-1,-7,6,0
0,2,4,-47,3,1,1,2
-2,3,0,-11,1,3,-3,2
-1,-4,-3,16,-5,10,-6,3
-1,-6,-8,-12,-8,3,0,-2
3,-5,-13,-15,2,-7,-4,-1
4,-2,-3,-5,-2,-9,-1,3
3,1,0,-6,-3,-3,0,-2
1,4,7,-9,-2,-9,-1,-3
-3,0,-2,-7,-2,1,0,-3
-1,3,-2,-8,-4,-1,1,-3
2,-3,5,-2,-4,7,-1,3
1,-7,2,-6,0,-2,-9,-1
5,-4,4,-6,1,-6,-2,1
5,-1,0,-2,-1,3,0,-1
3,2,9,23,0,8,6,2
-2,1,9,4,-6,12,5,2
-7,-3,-14,-6,-9,5,-4,-2
-9,3,1,-2,-1,2,4,-3
-8,0,-15,-27,1,-2,-2,-4
-2,1,-4,-10,5,-8,0,-3
1,5,12,-11,-2,-10,1,-5
0,-2,-3,-18,2,0,6,-1
1,-2,-4,9,8,2,1,-2
5,-10,-5,8,0,-5,0,6
12,4,4,6,3,3,0,1
0,9,1,2,-4,-17,-8,-1
-17,-3,-3,-2,-1,-4,-7,-2
-15,-7,-9,-8,2,1,-9,1
-27,-8,-2,-4,2,7,-3,4
-14,-5,0,-8,0,-1,2,5
-6,4,-3,-9,-6,2,5,5
-1,10,-5,-7,-8,6,-1,-4
10,6,2,-2,-4,17,2,-5
11,0,14,-3,-9,24,-4,-9
16,-4,2,-5,-3,33,1,-3
12,-5,2,4,1,74,0,1
5,-2,-4,1,7,72,1,2
-3,-13,-9,2,6,20,1,2
1,10,8,7,-5,9,3,-5
2,2,1,-5,-4,-33,-1,-5
1,-6,2,-5,-5,-38,-4,-1
-2,-6,4,1,2,-43,-7,0
0,-10,0,4,0,-55,-5,-1
-17,3,-10,-1,-2,-50,-2,0
-19,-4,-14,-5,0,-51,4,0
-9,3,-8,-3,5,-38,5,2
-24,-12,-4,-3,3,-31,-3,0
-24,-19,5,11,8,-24,-4,-2
-6,-20,4,-5,5,-58,-7,-2
7,-15,-9,-9,-2,-112,-4,-3
20,-1,-7,-9,-3,-96,-4,-5
26,4,-1,-12,-7,-96,2,1
10,1,3,0,-3,-52,-3,1
10,2,6,13,2,26,2,-2
10,4,1,4,-4,52,-4,-2
4,3,-2,-1,-7,79,0,-3
7,-6,-9,-1,-7,87,0,-2
6,5,-8,1,-4,98,3,1
1,-1,1,1,3,92,-2,3
8,4,4,4,5,76,-1,-1
5,11,12,7,0,36,2,-3
-3,11,5,2,-6,12,2,-4
-5,6,1,0,1,-10,0,-2
-2,9,1,3,-1,-24,2,3
-2,13,2,4,4,-47,-3,3
1,4,-3,-24,3,-43,1,4
0,-3,-1,-13,0,-84,-2,-3
-5,-13,-10,-17,-2,-102,-8,-4
-5,-10,-1,13,5,-111,-2,-5
7,-7,4,4,0,-45,-1,2
16,-15,-1,2,-5,2,8,2
12,-4,-3,13,-3,36,6,0
11,4,-2,8,-3,75,2,1
-5,9,6,23,-1,54,-5,-1
-10,10,-10,-22,-3,52,-2,2
-11,-3,-5,-9,-12,58,-4,1
-14,-2,-12,-5,-8,44,-4,-5
-14,1,1,4,2,46,2,3
-14,-5,11,6,6,36,-4,-4
-9,3,10,-3,2,16,3,-1
-12,5,3,-1,7,17,3,-2
-7,-4,-8,-5,5,16,-2,-4
-6,-11,4,16,0,9,4,4
-4,-7,-8,-13,3,15,-1,0
-5,-22,-5,-6,0,20,1,-1
-6,-23,-5,-2,-7,51,0,-1
-2,13,-3,1,-5,6,-1,-2
2,11,5,1,-4,2,6,-2
3,30,3,-12,-4,-16,0,-1
1,35,-2,-21,-9,-28,-2,-1
-2,15,-3,-4,5,-21,-10,-3
-1,11,-4,-2,-1,-26,-9,-2
4,10,9,8,-3,-19,-4,5
-2,-6,-17,-31,-3,-31,-2,-4
-2,-4,-6,0,-4,-18,-1,-8
0,-4,1,2,2,-15,0,-1
0,-15,2,1,-6,-11,4,2
1,-12,7,15,-2,-3,2,6
-2,-12,-8,-20,-3,2,0,1
-6,-14,-7,-1,14,6,3,-4
1,0,5,-1,-1,17,4,0
2,-3,-11,-40,-6,13,-4,-3
5,9,18,46,0,8,-5,0
4,4,-4,-5,-5,7,-5,2
1,3,-7,3,0,6,0,0
2,3,-2,13,1,-8,4,-1
4,-6,-4,1,0,-2,-1,-3
0,-2,9,5,-8,-11,-6,-2
-1,-9,0,-5,-1,-9,-7,0
-2,-2,4,2,2,-8,-5,0
-1,2,1,-2,-3,0,5,3
0,-5,4,9,4,-9,6,-1
-5,-13,-8,-8,-6,2,2,-6
-1,-5,-2,6,1,12,4,-2
-3,-1,3,-1,10,4,0,2
-3,0,-8,-13,-5,-2,-3,-4
-2,4,-3,-4,-9,-7,-6,2
-1,3,15,26,-2,-17,-3,0
0,-1,-20,-23,1,-19,-3,-1
-2,-5,-8,-3,3,-16,-2,-2
1,1,-6,-11,-14,-22,-2,-2
-1,-2,-1,10,7,-36,-1,0
-4,-1,11,-7,6,-29,0,3
1,-1,15,-4,-6,-27,1,3
-2,-11,-9,-27,-8,-12,-3,-3
-3,-14,-2,5,-12,12,-3,-2
-2,-1,-6,-43,-8,21,0,-1
2,2,1,-48,-8,31,-3,-1
-2,-1,-6,-35,10,29,-2,-2
2,-3,-3,-15,6,30,0,-4
2,2,-2,34,21,26,4,-2
2,1,-4,40,-3,19,-2,-1
3,0,4,52,21,10,-2,-3
5,5,4,25,-7,1,0,3
1,-5,3,22,-4,-10,2,2
10,-36,-2,22,3,24,3,0
4,-6,6,28,-7,46,1,0
3,11,-1,10,-2,39,-4,-3
-1,31,0,8,5,18,4,-5
-11,31,-2,6,12,-41,2,-3
-12,13,1,-5,10,-50,-5,0
-14,1,0,-8,-10,-25,0,0
-6,-5,-5,-26,-17,-31,-8,-4
-7,-5,-10,-6,2,-11,0,-1
0,-10,1,-14,13,-14,1,1
-5,-5,-4,-8,0,-7,-1,2
-1,-17,-1,-2,7,23,-5,3
-3,-14,0,1,-5,12,-6,1
-4,-6,1,-3,-11,33,-2,-1
-1,-10,0,-6,4,-44,-1,0
0,-1,4,-5,-12,18,0,1
0,13,5,-9,10,27,0,0
1,13,3,-1,-11,-10,1,-3
-5,0,-9,-9,-8,14,0,-9
3,-16,1,-14,-24,-50,-2,-2
1,-4,-9,18,2,5,1,0
3,1,0,-4,5,-14,3,1
3,-14,5,-8,1,-2,0,1
4,-25,5,3,-1,-21,3,-1
6,-1,-5,-1,5,7,-1,-3
-2,5,-9,7,5,-78,-6,-1
-4,13,-9,9,-2,43,-5,-1
-10,15,1,9,5,2,-7,-3
-8,5,2,-1,-23,3,-1,-3
0,11,2,-8,18,-59,4,1
0,5,3,-8,-11,-128,-1,0
0,5,4,5,11,-39,3,1
1,-6,-2,-15,-12,-25,-3,-1
0,-13,2,9,-8,50,0,-1
-3,-7,2,5,-2,34,2,2
-1,-4,0,16,4,17,1,-1
-5,1,0,1,11,-12,1,-2
-2,-3,-3,-7,-8,36,-4,0
2,-1,1,18,4,-10,-6,1
-3,4,-4,-2,-20,-10,-4,2
1,3,-1,-1,-3,-15,-1,1
2,-4,-2,1,3,-1,-4,-3
2,-1,2,-10,0,-12,1,-3
-2,-1,2,-7,12,-2,1,-4
-1,-8,-5,12,19,-40,-1,-3
0,-1,-3,-17,-50,-11,-2,-4
4,8,-3,3,6,8,0,-1
3,-3,-4,-10,-21,1,-5,5
2,-3,4,-5,-1,27,-1,3
-8,-5,-2,1,24,12,1,-3
-5,5,-1,-5,1,5,1,-6
-3,6,0,5,9,-13,-2,-5
-1,0,7,4,-4,-15,-1,0
6,4,-4,5,-4,16,2,1
3,-6,-5,-9,-6,0,3,-2
0,-3,-6,-1,11,10,4,1
1,0,-3,-15,-27,-21,-3,-1
0,-6,-2,0,-4,-10,-4,-5
-2,-5,-2,-6,-2,8,-6,-2
1,-3,-5,-5,-19,18,-2,1
-3,2,-1,-5,9,37,1,3
-2,2,6,8,8,24,4,4
2,0,0,2,18,11,4,4
2,4,1,-5,-2,46,2,1
-4,0,5,27,4,0,-6,-3
-3,-1,-3,-11,-8,8,-2,-2
-2,-5,-1,7,32,9,1,-4
3,-4,-8,-11,-27,-4,-6,-3
5,1,-5,-3,-4,-4,2,0
1,-5,-4,-5,5,23,4,-1
-3,-4,6,3,-4,6,-1,-1
-3,4,0,14,12,-44,1,-1
-3,4,3,4,0,23,-4,-4
-2,-2,-1,2,3,11,0,-1
1,-4,-2,-6,-6,38,1,2
-1,-2,-2,2,4,69,-1,-2
2,-4,-1,-8,-10,30,-4,0
-1,3,2,7,5,33,-8,-1
-4,5,0,-1,-12,73,-6,0
-1,3,-2,3,-1,27,-4,3
-2,2,-5,-14,-4,41,4,0
-4,-3,-2,5,5,47,9,-3
1,-3,-4,-4,2,3,4,-3
1,-5,-6,-5,-6,28,3,-2
-2,-7,-4,-4,-2,28,0,-1
-4,-5,-4,-9,-5,-6,-3,0
-2,0,-1,-34,-9,5,-4,0
-1,6,2,-4,1,28,-2,-6
1,5,5,3,-1,12,0,-2
-1,-3,4,26,1,9,-2,0
-1,-19,-5,14,-4,31,1,1
0,-4,-3,3,9,16,-1,1
0,4,0,6,4,28,-3,-1
-1,8,3,-5,-8,26,-1,1
-3,-1,3,2,-4,10,1,-3
-3,-6,-3,-5,-4,27,5,-2
1,-11,1,2,-4,23,0,-2
2,2,-2,-14,-13,1,-1,0
3,9,-2,-4,-5,10,-3,2
0,3,-2,7,14,4,0,0
-1,10,-2,-2,-2,-8,-2,-1
2,4,-3,-3,9,-1,-4,-1
-1,5,6,7,4,26,0,-1
-5,-1,3,2,8,10,4,-4
-2,-7,-8,-12,5,16,0,2
0,-9,-5,-1,-6,35,-4,-4
-3,-2,-6,-1,-8,14,-4,-1
-3,0,2,-4,-4,13,-1,2
-3,1,8,5,-3,12,-2,1
0,5,-1,-1,-11,57,-6,-3
-1,8,-1,8,1,12,1,-3
-1,3,-1,-4,-12,38,1,-3
-2,5,5,-11,-4,100,0,1
-4,-1,1,2,4,12,-6,2
-3,3,-3,9,5,8,-11,0
5,-4,-8,-2,1,-92,-3,1
1,-5,-3,1,2,-34,3,-3
2,-3,5,-5,-4,11,3,0
3,-7,1,-4,-1,-116,2,-2
2,-10,4,1,2,-98,1,-1
3,-8,-4,-5,0,-128,0,-2
1,-10,-6,-3,4,10,5,0
-2,-41,-8,-12,7,91,7,0
-3,-12,1,-2,3,127,2,0
-10,-7,-7,-1,0,112,-1,-6
-8,4,-4,-3,2,55,-2,-6
-7,16,6,1,-3,80,-4,-1
-3,9,3,4,-12,83,-9,-5
0,5,-3,0,-1,65,-3,2
3,13,-1,3,-4,16,6,2
2,13,0,14,11,49,3,5
4,9,0,1,-3,36,-5,2
3,12,12,11,27,27,-2,0
0,-8,-12,-26,-28,2,-1,-4
4,0,0,-12,-11,8,2,-3
-4,-5,-7,5,-5,27,0,-1
2,-10,-5,11,11,10,3,0
5,-10,5,6,7,50,1,-1
4,-46,-1,1,0,28,-6,-2
-2,-18,-1,-8,-7,46,-6,1
-5,4,-2,-10,-4,37,-2,-2
-4,21,5,7,7,2,-4,0
2,37,3,6,6,-11,0,1
0,33,-5,-10,-10,-2,-1,-1
-4,9,-2,-3,-13,0,1,1
-13,1,0,-7,-4,-38,-1,-3
-14,-3,-4,-2,0,-9,0,-4
-3,-8,1,-1,14,-17,-2,1
4,-1,1,-16,-4,-70,0,2
3,-7,2,-5,13,-28,-4,0
3,3,5,-2,-13,7,-1,-5
-1,-9,-2,-7,20,35,1,-2
1,-9,-5,2,-17,51,-4,-2
0,-13,-3,8,0,27,-2,0
0,-3,-6,0,-15,19,0,2
2,2,-5,6,-11,6,6,-1
2,-2,-3,4,4,23,3,2
-2,-7,-2,1,15,-2,3,1
0,8,-1,-6,8,33,2,1
3,-3,2,-1,0,7,-1,-1
1,-6,0,-4,-8,5,-2,-2
-3,-2,1,4,-5,-1,-2,-4
-4,0,-2,1,7,-2,-2,-3
-4,-6,1,-2,-6,-14,-5,-5
1,-3,-2,-5,-25,1,-1,-2
-1,2,-5,-4,-8,5,-2,3
2,1,-16,-17,-9,67,-1,3
1,-2,15,16,18,11,3,2
-5,-1,-2,-1,8,9,0,-1
1,1,4,17,-9,-31,1,0
2,1,4,4,3,-51,-3,-4
1,-5,-8,-8,-14,-19,-1,-1
-5,-1,-5,-5,5,-5,-3,-1
-2,4,3,-3,7,38,-2,1
-2,-1,-4,-5,11,41,-5,-3
0,-4,-1,6,3,39,4,-1
0,-7,-1,3,5,26,0,0
-1,-6,-7,-7,7,48,2,1
-3,0,0,5,-9,6,0,1
-3,3,-5,-7,-15,-32,-3,-4
-4,7,3,4,16,-47,-1,-2
0,5,5,18,-6,-62,-1,-3
3,2,3,1,6,-77,-1,-3
2,-1,-1,-6,-9,-57,0,2
3,-2,0,-2,-1,-51,0,1
2,-3,1,-3,10,-29,-4,-3
-5,-6,-1,-2,-14,-36,0,5
-5,-1,-6,-7,-4,-7,6,0
-6,-3,-1,3,-8,-12,5,1
-2,-7,-2,-2,-13,6,0,0
0,-3,-6,-9,10,-7,-4,-5
2,1,-1,11,9,-1,-4,0
2,2,-3,2,11,7,-2,0
4,1,1,6,15,1,6,1
-1,-4,2,-8,-13,-6,-1,-3
-1,3,4,-9,-4,-2,-6,-2
-4,0,0,6,25,-2,-4,-2
-2,-9,-9,-22,-19,4,-3,5
0,2,-2,3,-13,-8,3,1
-5,1,1,-9,-10,-6,-4,0
2,10,1,-10,-14,-8,2,-3
1,6,-3,-9,13,-12,2,-2
-3,3,5,1,-4,-6,4,-5
-4,4,-7,-3,3,3,0,-5
-1,-9,0,-8,-1,12,-6,-2
3,-5,4,3,-12,2,-5,-3
1,-5,1,6,0,7,-3,-2
1,-9,-3,3,2,12,-4,-1
-1,1,-6,-15,-14,12,-1,-1
-7,0,-2,23,-12,10,1,-2
-1,2,1,3,-10,5,-4,4
1,-1,-3,-6,3,-4,3,1
1,-3,-1,-26,12,4,1,0
3,1,0,-7,28,-2,1,2
-4,3,-2,-14,-10,-18,-2,-2
-4,-3,2,15,0,-11,-1,-2
0,-3,-1,20,-15,-8,-4,-1
-2,1,-4,10,-10,-4,-3,-3
-4,-2,-4,12,29,12,-1,1
-4,2,-8,-2,4,9,5,0
-2,0,0,10,-12,20,3,-2
-3,-5,-3,-6,0,35,-2,-5
3,-5,-5,6,5,54,-1,5
4,-6,8,-7,-11,75,-1,0
-3,-6,6,-29,1,123,-1,-1
-1,1,-2,-47,-1,123,0,-3
1,-2,1,8,8,45,3,-3
4,5,1,9,-12,-49,-8,1
0,-4,-7,11,-2,-110,0,-2
-3,-6,1,9,-4,-128,1,0
-6,-11,-1,4,4,-100,5,-2
-1,-8,0,3,-2,-107,4,-2
3,1,-7,18,-6,-123,-3,0
1,5,-6,7,-3,-119,-16,1
-2,9,-1,0,-9,-8,-14,6
-5,4,-1,8,1,-26,-15,2
3,0,-1,-4,15,-66,10,2
0,2,1,-7,0,-44,22,-3
-3,5,-2,-9,-8,-66,13,-5
-6,1,6,1,-1,-3,12,-5
-7,1,-11,-21,-15,-93,10,0
6,1,-3,-16,-2,92,5,1
3,-1,8,45,8,68,-2,-4
1,0,-3,-8,0,-29,-2,-1
0,-1,1,-3,-7,-97,-1,-1
0,-5,-2,11,7,-125,-2,1
-1,-3,-6,-21,0,-70,-8,-1
-4,-6,-4,1,13,-109,-5,1
-4,-29,3,10,-3,-69,-2,4
-9,-3,0,-5,-7,50,-7,-3
0,1,4,0,15,86,-5,-5
6,8,-3,-12,-17,127,-5,-3
6,21,2,4,3,52,-10,-2
10,10,-2,-3,-11,-63,-2,0
7,3,2,-13,-3,26,3,0
1,-23,-1,-4,7,37,-1,-3
2,-7,0,1,-3,127,-8,-6
1,-6,5,3,0,84,-2,1
8,-60,-4,-10,5,64,-1,0
-7,-24,-7,-15,-1,82,0,1
-2,5,3,5,5,65,0,-2
7,17,-1,13,2,15,0,2
4,44,-3,-13,-21,47,0,1
4,27,5,9,13,94,-6,-3
-10,5,-5,31,0,127,-6,-6
-1,10,-5,4,0,99,-8,-4
0,8,-1,1,-12,23,0,3
11,-2,0,1,9,66,4,4
9,-1,8,2,-3,75,4,1
-5,-14,-3,-13,-3,30,-2,0
-7,-4,-3,0,3,-7,2,1
-12,5,-3,-7,-2,-24,1,0
-7,2,7,19,11,-7,-3,-3
-18,-10,1,4,-6,-54,0,-6
-18,-5,-3,-3,17,-61,-4,-2
-11,6,-4,-10,-30,-35,2,5
-5,9,-1,-15,1,-8,-2,1
2,4,4,2,-5,12,-2,0
-3,11,0,5,4,1,3,0
2,4,-3,0,11,-13,6,-4
3,-8,-4,-4,-7,13,-2,-6
-1,-9,-4,-3,8,30,3,-1
5,2,3,-5,-22,24,-7,-1
4,-18,-13,10,3,-15,-5,0
-1,-7,-11,-22,-10,-21,-1,3
-2,-3,1,-4,3,-39,-4,0
-4,-1,2,0,3,-61,-4,-1
4,7,18,15,3,-44,-1,0
-1,-3,-12,9,2,-40,-1,-1
-1,-5,-3,11,4,-28,-1,-2
-1,-8,-7,-7,-5,-32,1,3
-4,-6,1,8,0,-20,-4,-3
-2,0,-4,-9,0,-15,-1,-2
3,6,5,9,23,8,0,-2
3,-2,-1,-4,-43,-9,-3,-7
1,2,1,-12,9,6,-1,-2
1,-5,10,-3,-11,15,-6,1
-5,-5,-5,-11,8,11,3,4
-1,-6,4,13,5,-4,5,0
1,6,8,8,10,-4,-1,-4
2,-1,-2,-21,-6,-1,4,3
0,4,11,16,-8,2,2,2
-4,2,-1,-2,18,-7,0,0
0,-5,-12,-2,-15,-11,-1,-4
5,-8,-13,-10,-18,1,1,-3
0,4,5,5,-6,-3,-5,-4
1,2,2,-8,14,-3,-3,-2
-3,-3,-12,6,-15,-4,-9,-1
0,2,-8,-2,-11,-11,-6,0
-1,-3,-11,-13,-11,-1,2,2
0,6,7,9,-3,-10,4,2
-2,5,13,0,13,-11,0,0
-2,-1,12,7,-3,9,-1,4
1,-4,-11,-9,-14,6,4,-1
-3,-7,-1,-3,6,1,-5,-6
-6,-7,-11,-18,16,-7,3,-2
-7,-8,0,26,-12,-8,-5,-2
-2,-1,-4,-3,-11,-8,-1,0
3,-3,-5,-1,7,0,-1,-2
4,-1,-7,-13,-1,11,4,2
0,12,11,1,27,17,6,0
-2,1,3,7,6,7,-5,-2
1,-5,-32,-42,-11,-5,-2,-3
2,-4,13,16,-1,6,1,2
-6,-4,1,-9,17,0,-7,-2
-6,-3,7,-1,-2,8,-2,-2
-5,0,-9,-12,-19,-11,-5,-2
1,-1,-11,-17,-32,27,-1,1
0,9,-1,7,10,19,8,3
-3,-1,-4,2,14,29,-3,-1
3,8,7,-9,-25,21,4,-1
-4,-4,-8,0,21,35,1,-2
0,-8,1,-4,-10,15,-8,-6
3,-1,-2,4,10,22,0,2
-2,-1,0,12,4,74,6,-1
-2,9,4,8,-2,10,4,-3
1,2,12,37,-22,-17,5,0
6,13,7,-22,46,29,7,7
-8,-4,0,-1,-43,-10,-10,4
3,3,-5,-31,-32,41,1,8
-2,-4,10,31,119,-22,-12,-5
4,-9,-7,-44,-103,-61,1,0
2,-13,-8,-19,-87,-109,-10,-5
14,16,16,48,127,23,3,-1
0,7,-7,-22,-62,-74,-2,-5
-1,5,2,2,-13,-57,10,0
-12,-4,10,51,97,-94,-17,-7
-15,-6,-9,-7,-2,-128,7,-4
10,11,-2,-38,-50,-125,2,1
-5,-13,-4,8,32,57,14,-7
0,5,8,12,46,105,3,-3
-9,-13,0,8,19,36,-7,3
-9,-4,-1,12,81,4,-5,1
-6,-18,-16,-5,-7,80,5,-3
8,-21,-4,34,112,19,16,1
13,12,18,-12,-17,-64,-6,10
-2,-14,-7,-48,-105,-65,-30,-16
-6,8,15,67,99,-41,-46,-19
-9,22,6,-15,-93,-88,-2,8
-15,-28,-30,-4,19,104,-18,46
3,0,-12,-17,16,127,64,-37
31,44,64,15,21,67,13,36
-50,-58,7,-14,15,3,-83,-76
5,32,-10,65,7,-88,40,97
-2,45,-64,-73,-75,-51,-31,-94
-70,-78,-39,7,-8,-7,-17,63
80,-34,34,7,38,17,-30,-2
69,31,67,8,26,58,83,61
-88,-47,-10,70,127,21,-23,-60
44,127,-3,-43,60,-30,-105,-78
-72,-54,-64,-14,117,37,48,90
13,7,-6,66,112,-30,33,-24
-14,-26,28,-22,-54,69,5,42
-67,-20,2,-70,-118,-26,97,8
-18,17,19,-6,-128,12,-22,-3
-50,-12,26,-30,-128,-7,7,-15
-25,-18,-18,7,-91,-83,-39,67
16,-87,-40,-56,-128,-128,-94,-61
42,24,-14,-103,-122,89,91,75
55,-19,52,-60,-73,72,-36,-87
78,-23,58,-45,-46,127,-52,-60
74,-10,60,110,42,91,79,110
40,72,37,127,-77,24,-79,-111
-63,-60,52,-49,-128,-60,28,87
-5,-19,-12,-85,-99,-90,-94,-22
4,24,-5,-78,-58,-23,-50,-51
-17,4,-29,-29,126,16,-98,-29
-19,12,-68,95,115,-108,-79,-44
-54,-4,-61,-67,127,-66,64,73
-114,-5,-100,-97,127,-62,30,11
-128,41,-84,17,111,-5,14,-31
-128,30,-83,65,57,94,-31,-33
-76,30,2,127,44,127,58,45
-32,20,15,127,26,127,1,-28
76,-31,30,15,16,117,11,-7
109,-37,-12,-62,26,110,-2,-54
127,-20,36,127,30,101,-12,21
91,-21,-94,51,42,98,10,8
92,-7,-96,93,-75,11,39,41
78,4,-32,-75,-13,-61,-63,-9
45,13,43,-128,-4,31,-15,-13
28,-14,127,-114,-12,59,7,-35
40,21,111,-128,22,8,-45,31
49,12,50,-85,-34,19,-21,-26
68,37,50,-33,-31,-39,12,9
22,9,23,43,-30,-74,-3,-2
-13,8,1,38,-57,-128,0,-11
-53,13,5,5,-32,-93,58,-6
-27,8,-2,40,6,-52,9,28
-10,2,-13,29,-4,-23,-6,13
-31,2,21,-41,17,13,19,-11
-29,-7,-13,11,-10,45,-27,-2
-8,1,-21,22,15,14,20,16
-16,-22,-12,3,-8,-3,-1,0
-19,-18,12,-3,9,-2,12,1
8,-3,13,11,28,9,-17,4
3,5,-31,-9,-26,-7,9,-5
-10,27,19,0,-27,-19,-18,-5
14,-27,-1,-14,-6,1,18,19
21,-11,-6,-7,-11,0,-15,-6
31,-10,23,-5,2,-24,-2,-9
73,-2,10,-30,-6,-42,-3,2
22,-8,16,-6,6,-51,17,0
-8,26,-11,3,-2,-22,6,6
21,31,-7,31,3,2,-12,-21
36,32,2,-5,2,-13,-16,4
38,14,-5,-67,3,-18,-2,12
-23,-11,-9,-38,1,19,31,-12
-82,10,-17,-13,15,9,-15,33
-70,-12,-20,20,6,5,17,-4
-77,16,-6,30,3,2,-14,-16
-39,-10,-21,20,-8,4,-15,1
-29,-6,-24,10,4,9,13,0
-18,-19,0,45,-4,10,-4,10
-17,-23,-22,8,-1,7,6,8
-19,5,10,-8,-1,-3,-3,-7
-3,-9,8,-28,4,9,5,2
-18,-13,3,-40,-4,0,0,-1
-7,6,13,-1,6,-5,3,-5
-2,-5,6,10,2,0,-4,4
-6,-12,8,-1,3,1,-6,-18
3,-7,4,-15,-5,-3,2,1
1,-7,-2,4,-9,-1,-19,-14
-4,0,1,6,-1,8,61,18
12,-2,0,-1,-2,-1,-25,12
5,-8,-18,-21,-21,-1,18,-8
12,2,-3,-11,-20,-1,21,10
8,-11,-12,-20,-8,-9,-26,-12
2,11,-1,-32,11,-10,-10,-2
-8,8,-6,-4,23,-6,-2,0
-12,1,1,25,27,-8,-13,0
-6,1,1,17,5,-7,-25,-1
-3,-1,4,6,3,4,20,-2
4,-6,5,-17,-4,3,-18,2
-1,3,10,8,-4,5,16,1
8,-5,-2,29,-4,2,-16,-9
2,-16,-2,30,-8,0,8,2
-7,-10,1,12,-7,-3,3,-1
0,3,1,-2,-5,0,0,0
3,1,9,-3,-4,-1,-3,-4
-4,-5,5,0,-6,2,10,-4
-1,5,8,5,-4,-3,-4,0
2,5,0,12,-1,-4,7,-1
2,8,-1,-8,-1,-5,-19,-1
-1,2,-4,-11,1,-2,3,3
0,-2,-1,-10,3,-3,-4,1
1,-6,6,-10,1,1,11,0
5,-8,0,-13,-1,-1,-2,0
-1,-3,-5,-7,-6,-7,5,-11
0,-5,-12,4,-1,-11,-1,-6
-6,-4,-7,-1,-1,-10,-5,3
-3,-1,-7,-7,-1,-17,-7,3
-5,2,-1,-3,-5,-21,4,5
0,1,3,-8,-2,-12,-2,5
1,-1,0,-14,-8,1,2,-4
0,-2,-1,-5,-1,13,-7,-6
3,1,-2,0,-1,18,1,6
-2,5,-2,-12,2,11,-14,-14
5,3,-1,-21,0,4,-2,-1
-1,4,4,-18,-2,13,3,-5
-3,-1,-2,5,0,15,-2,-1
-2,-1,-4,-4,0,19,2,8
-2,4,-2,-17,-3,14,1,-1
-2,0,-7,-4,-3,5,-4,-3
4,-1,-1,-40,-2,-1,-2,5
2,-2,2,28,2,-3,2,6
0,1,1,49,5,-2,0,-4
0,-7,1,50,2,-7,2,-5
-3,0,6,46,1,7,-1,-2
-4,-6,1,10,-4,0,4,0
-2,-4,5,4,-2,-3,2,-2
-1,-2,0,2,-3,-9,3,-1
3,-2,2,6,1,-18,-2,-1
4,5,0,-5,2,-15,0,-3
3,0,-2,1,-3,-13,2,3
-1,1,-1,-2,-6,-15,-2,-1
-3,0,-3,-1,-1,-11,-2,-3
-4,0,3,1,1,0,0,2
-3,2,-1,-8,5,10,-4,4
3,1,-4,-17,1,17,-3,2
3,0,-7,-9,-2,6,1,0
0,0,-6,-6,-5,-3,0,-1
0,-4,-2,-9,1,-11,4,-3
2,-2,3,-8,1,0,-4,-4
-4,1,0,1,0,-4,0,1
-3,-2,-3,1,-3,0,3,1
-2,-3,1,-2,1,1,-1,1
-2,0,-1,-5,-1,-2,-2,-3
1,-3,1,2,2,0,-4,-6
-2,6,0,-4,0,8,0,-3
-4,4,-6,-5,-2,1,1,1
1,-5,-3,-5,-3,6,2,-2
2,-4,2,-4,-5,13,2,-2
2,-4,3,-4,-2,5,-5,4
-1,-2,-1,-5,-1,3,-1,-1
-7,2,-3,-3,5,-8,-1,4
-1,2,-5,-4,0,3,-1,0
-2,-5,1,-1,0,8,1,-3
-4,2,2,3,2,14,0,1
-5,-3,3,1,0,10,0,1
-3,-4,-2,1,0,4,-3,2
2,3,-5,2,2,5,-7,2
6,3,2,8,3,2,-3,-4
2,0,11,15,-2,-5,0,-5
-3,-2,2,-2,0,-11,0,-5
-3,-8,-25,-31,-14,-13,-2,-4
0,-1,-6,-3,-3,-2,2,2
-2,4,5,14,-1,3,4,3
-4,-3,4,-5,-1,8,1,2
0,0,9,1,1,-3,-2,-3
2,2,0,-9,-2,-12,-4,-4
5,1,-4,-7,-2,-7,0,-2
-3,-3,-3,-2,0,-12,-2,0
-4,-3,-1,1,-1,-11,-2,0
-3,-6,1,-4,2,-11,-4,-1
2,-6,-2,-7,2,-5,-3,3
5,-2,3,8,4,-3,4,4
3,-4,5,15,1,-5,9,0
-4,-4,-11,-28,-2,3,1,-4
-6,1,5,13,-3,9,-5,-5
3,3,-2,-13,3,3,-2,-2
-1,-3,6,12,1,-4,-2,-1
3,-3,4,7,-5,-13,-3,2
-4,-5,-8,-4,-5,-11,-1,-2
-3,-3,-1,19,-4,-3,-2,-1
1,-1,-2,10,3,-4,0,-5
0,-4,-2,7,0,-3,-3,-4
0,-7,-8,-12,-3,-4,-6,0
2,4,1,0,-3,0,-1,1
-2,5,0,-3,3,0,0,5
0,7,0,2,-3,-1,6,2
4,7,4,-4,2,2,2,-1
0,2,4,5,1,-3,0,-3
-2,-6,-12,-36,-5,2,0,-3
-4,-3,-6,11,0,3,-10,-6
-3,-6,-4,-12,-5,-2,0,-1
-4,1,2,12,-3,4,2,2
1,4,0,-5,-3,2,-2,-1
1,-3,2,-1,-7,4,-1,4
-6,0,-1,5,0,2,-1,-10
-5,-9,-8,-9,-1,0,-3,-7
1,1,5,-5,0,3,0,2
0,3,-2,-8,-4,2,-2,-1
0,6,-1,1,5,-2,-3,-1
-6,3,-2,-4,-1,-2,0,1
-2,-2,-1,6,1,-1,-3,-2
3,-7,-1,2,-7,-2,1,1
2,-8,3,1,2,0,2,2
5,-9,2,7,0,-6,1,-4
3,-3,-1,1,-9,-10,4,0
-6,-1,-8,-9,2,-1,-1,1
-6,4,1,5,4,5,-1,3
-1,2,-2,-12,2,3,-5,-4
1,6,1,4,1,3,-2,1
-3,7,16,23,1,-4,-3,-4
-2,1,-15,-19,2,-1,1,0
-1,1,-4,15,-2,6,-1,1
-9,-14,-22,-14,-9,0,-3,-7
2,-3,-6,-10,1,2,-3,-4
1,-4,4,-1,-5,1,-5,-1
1,0,1,5,-1,-7,-2,-3
1,3,4,1,-1,-5,3,1
2,-1,4,-1,2,-3,7,0
1,-6,-3,-2,-1,-3,1,2
0,-1,4,-7,-2,-6,-1,6
-3,-4,7,14,1,-12,-2,-1
-7,-2,-2,-8,-2,-15,-4,-1
2,-1,0,3,-11,-5,0,0
1,-5,-8,-9,-3,7,2,-2
3,-1,-7,-5,0,15,-4,-2
2,4,1,0,5,11,-3,-1
3,3,-3,-7,2,9,-3,-1
1,-2,-4,-1,0,8,-4,-2
-2,-4,5,8,1,7,0,-3
-2,-8,-2,-3,0,5,5,0
-6,4,6,-6,-3,-3,-1,-2
-2,-1,8,-21,-8,-11,2,-2
2,1,-5,-25,2,-15,-3,-2
-3,-2,-4,-4,3,-15,-5,-2
-1,-6,-9,1,5,-5,0,-1
0,6,3,9,-1,-3,-2,0
1,6,5,16,6,10,3,-4
-3,-4,1,13,-3,10,4,-1
-1,3,0,6,2,1,3,0
-4,-8,-11,-7,-2,4,-4,-3
-5,1,8,13,1,3,-1,5
-2,1,-4,-7,-5,4,-2,0
-2,-5,-2,6,-1,0,1,3
0,0,-4,-7,-3,-4,-1,-1
2,4,5,7,-6,-8,-3,-3
2,-5,-5,-1,1,-10,-1,1
-2,-4,-4,-4,-2,-5,-2,-3
-5,-1,3,-2,3,-4,-2,0
-8,-4,4,16,8,-3,3,0
-6,-3,-17,-14,-6,-4,1,-4
-2,0,-1,-1,0,-2,-5,-5
2,1,1,-4,2,0,-2,2
2,1,4,-1,7,0,-4,2
3,5,7,0,-6,-1,0,-1
-3,5,-5,-5,-3,0,-2,-1
-3,0,-1,1,-2,12,-4,-1
0,-2,-1,-8,-2,8,2,1
5,-5,-1,4,1,11,-1,1
3,-4,1,1,-3,9,-2,-3
3,3,1,3,2,15,-2,1
3,-2,-6,-9,-6,0,-1,3
-4,-1,-4,-6,0,-14,0,-1
-2,-4,2,0,-4,-8,5,-1
-1,-4,-3,0,-5,-13,6,-6
-5,-1,-5,-3,-2,-4,2,-6
0,3,6,12,-6,3,-1,1
-5,2,-1,2,3,-1,-1,4
0,-1,-4,-8,6,-5,1,0
-1,-7,3,3,-1,-6,-4,-4
2,-3,5,-4,-1,1,-4,-2
-4,-1,0,-8,-5,-3,-4,-5
-3,1,1,16,4,-14,0,-1
-1,5,-3,-5,-7,0,4,1
-1,-2,6,3,-2,5,1,-1
-1,2,1,14,-3,0,-4,-3
-3,-3,-9,10,-12,-3,-4,-3
-1,3,0,-10,-4,3,-5,-3
3,7,-6,-8,-1,12,-2,2
4,2,8,6,5,22,0,0
0,-3,8,2,-6,14,4,3
-5,-9,-7,-8,5,-15,-6,-4
-5,-5,-2,-5,-11,-13,-2,-5
0,-1,3,-7,-5,-16,5,3
-4,-7,-3,13,21,-10,0,0
-6,-7,-3,2,6,-16,-2,2
-3,-2,0,-1,2,11,5,0
-7,2,2,5,13,18,3,-3
1,9,0,-18,-9,22,12,-1
-1,-6,-13,2,14,3,0,-8
2,0,2,3,13,11,-4,-5
6,-4,-1,0,0,-48,-7,0
4,-5,3,-2,5,-50,-18,0
0,-1,5,-4,-7,-10,-16,1
2,-2,1,5,11,-59,-4,3
2,1,-1,-16,-27,-53,-2,2
2,2,32,-21,6,9,1,4
1,-1,15,20,-26,14,4,-1
-2,-5,-15,-23,-1,83,4,1
-3,-4,-15,10,24,57,4,-7
-6,-13,-36,-14,2,-9,0,-6
-2,-4,-9,2,0,22,2,-1
-1,-5,0,13,4,-18,0,1
0,-9,-2,1,3,8,1,1
4,-4,-1,-3,-14,23,-4,-2
3,2,-1,-8,-7,-54,-3,-4
2,-2,-3,1,-12,-22,-3,-4
1,1,-4,-11,16,7,0,2
2,7,-5,3,-22,37,-3,0
3,7,-11,-8,6,63,5,5
-2,11,4,-3,-7,34,0,5
-7,-2,3,5,-16,38,-8,-3
-7,-6,2,15,9,54,2,2
2,4,2,-20,-6,41,3,0
-6,-5,-10,7,-1,30,-3,-6
-1,-1,4,5,8,52,-2,-9
-3,-3,-4,1,-4,0,-4,-6
1,-2,2,1,0,9,2,0
3,-3,0,0,0,31,0,-1
2,5,-4,-7,-17,14,2,6
-3,4,-4,-8,8,6,-2,-3
1,5,3,2,-5,24,-6,1
0,-4,4,0,-9,0,-8,1
-1,-3,-3,-3,9,18,-3,0
2,0,2,-3,-4,23,4,1
2,-4,-4,4,1,22,0,1
-3,4,-1,4,1,24,1,-3
1,-3,1,-5,-8,-4,-2,-2
-1,2,2,7,-1,19,-2,-1
-4,1,-1,-3,-2,-12,-1,0
-3,3,11,11,3,-1,-2,-2
-2,3,1,-2,-2,27,7,0
-4,3,1,0,-3,19,4,-2
-4,-1,-1,-4,-1,41,2,0
-2,5,0,-6,6,52,-1,-1
0,-6,-7,-7,-2,8,0,-1
1,-5,3,13,0,-23,-1,-1
-1,-6,-2,-10,-13,-31,-3,-5
-4,-3,-1,-7,2,-28,-4,-1
-3,0,3,7,4,60,-1,3
1,2,-4,-2,-1,6,-5,2
0,1,-1,1,7,-45,-1,-1
-3,-1,0,20,-8,-60,-7,-1
-4,-5,-1,-8,-1,-39,-28,-3
-3,-4,0,2,-10,-27,-23,0
-2,0,4,-1,0,22,-4,1
1,-2,-2,-12,-4,-4,12,0
1,-1,-3,5,-5,-7,10,-1
1,-3,-4,0,3,-9,8,-8
-2,-4,-6,-7,5,14,-7,-1
-3,0,-2,7,-1,32,-3,0
-3,-3,-1,-5,0,-6,9,0
-4,-4,-2,-3,3,19,7,1
0,-2,3,0,12,41,5,0
0,-5,0,15,8,-10,0,3
1,4,4,-1,2,-74,-1,3
1,-2,-7,-16,-34,-42,-8,-1
2,-1,1,-1,-10,-85,9,-2
2,2,3,-2,5,-67,14,-2
1,3,3,5,-1,-56,18,-6
0,-9,1,8,15,-86,12,-2
-1,5,3,-1,3,-41,1,-2
-3,-5,-7,-14,-7,-58,-2,0
-1,-3,-2,11,0,-50,-3,-1
1,4,-2,-10,2,-45,-1,1
-3,-6,1,7,4,-52,-4,1
-4,-4,2,-12,0,-39,-4,-2
-5,-1,0,-9,-9,-54,-6,-2
0,-3,-1,-3,-5,-35,-7,-5
-2,-2,-1,2,-4,-42,-9,-3
1,3,-4,-2,-2,-44,-4,-2
2,2,-4,-4,-4,-42,-12,0
0,4,-3,-5,2,-23,-20,-1
0,3,-11,6,1,-21,-10,1
5,-2,-2,-7,-4,-28,-12,2
1,-4,2,0,2,-31,-3,-1
-5,-2,5,-5,6,-31,7,-2
-3,-2,2,2,0,-11,7,-3
-14,1,3,-5,-13,-4,9,1
-8,0,-5,8,2,49,15,3
0,3,-8,-8,-5,1,21,6
3,1,3,8,-1,52,14,3
7,-2,-6,-1,7,41,13,0
7,-2,1,-13,-3,46,7,4
5,7,5,-2,7,33,7,4
6,2,7,7,-3,15,0,-4
6,-1,2,-2,-1,109,-18,-3
-1,0,1,7,7,18,-21,-3
-1,-2,-3,5,6,38,-16,0
-3,0,-3,-8,-2,19,-3,-1
-6,-7,1,5,8,3,3,-2
-2,3,2,-5,-3,25,9,-2
-2,3,6,-6,0,29,11,0
-3,-1,-7,-9,0,32,7,-2
1,1,-3,-5,-3,22,6,-3
1,-6,-3,-3,0,29,3,1
-1,-6,-4,-5,-1,39,-2,0
1,2,-1,2,-2,48,-6,2
0,-1,-2,5,-4,53,-4,2
1,1,-4,1,-3,41,-2,-1
-1,4,-1,1,-11,58,-4,0
2,-1,5,-8,-6,75,-3,0
-1,-1,-2,-8,-5,53,-2,-2
-6,1,2,2,-6,31,-4,-3
-4,-4,-5,7,7,44,-4,-3
-4,-4,-3,1,5,24,-3,1
-1,1,-1,-5,5,-7,1,0
-4,-3,-2,0,-8,4,-1,0
2,1,-1,6,-6,6,-2,0
1,-1,-1,-3,0,-3,-3,-3
-2,-1,2,-1,1,0,-3,-4
-3,0,2,-4,0,5,1,0
-4,-2,3,-2,2,5,0,2
-4,-1,-6,-3,-1,-4,1,-1
2,2,-7,-12,-2,-5,-3,-1
3,2,-2,0,5,5,-6,-2
1,-5,-1,0,-4,1,1,-2
-1,-6,0,2,1,-2,2,-4
-3,-3,3,8,-3,-1,2,3
-4,-2,-8,-7,-5,2,-1,0
-1,-6,-3,-2,0,4,-4,-2
0,2,-3,-5,-9,-1,-7,-2
1,6,2,0,2,-1,-1,2
1,-3,1,0,-3,0,-4,-2
0,-4,4,11,-3,-6,-7,-1
-2,-2,-1,6,-8,-1,-1,0
1,1,0,-5,-5,-2,-10,-1
2,2,0,-9,-3,1,-8,-1
-5,-2,-6,-5,6,-14,3,-3
-1,2,2,-1,10,-21,6,0
-2,1,2,3,-4,-18,3,-1
-2,-3,-1,-10,-2,-3,6,-1
-3,2,4,19,-7,-25,1,-3
1,-6,-3,1,-2,-48,1,0
-5,-1,-4,1,5,-43,1,-1
-5,5,-1,1,-1,-63,0,0
-2,4,-4,-6,-3,104,-2,-2
2,5,-1,4,3,106,-1,4
4,-7,-3,-4,-5,127,-5,0
4,-4,4,-4,-8,91,0,-1
-1,-14,-5,-7,2,-31,2,0
0,0,15,20,13,-72,-1,-1
0,-5,6,-3,0,-122,1,-2
0,-7,2,1,1,-41,0,1
0,0,-4,-15,-2,-4,-4,-3
-2,-14,-9,13,1,6,-2,-1
-4,4,-1,7,5,-14,-6,-3
0,1,-3,4,8,-35,-6,-4
2,1,3,0,-13,-27,-4,-1
0,0,0,-6,-8,-43,-9,0
0,0,-3,7,-2,-106,10,3
-2,0,-4,-11,2,-107,3,4
0,0,0,22,7,-125,-1,2
-4,5,0,-12,6,-4,-3,0
-1,2,0,-4,2,-6,-2,-1
2,1,2,5,4,-40,0,-3
-1,1,0,-3,-1,45,0,-1
1,-3,-16,-14,-13,82,3,-1
-4,-2,-5,-4,-4,127,12,-2
-1,-4,-3,-1,2,127,16,2
-2,-1,4,-6,-6,68,9,3
2,2,4,-3,10,40,1,0
-1,-9,6,25,1,2,-21,-3
4,5,18,21,-6,-21,-15,-6
1,0,1,-9,-2,-31,-7,0
-4,2,-9,-12,-2,-32,-2,-2
2,2,-8,-5,8,-38,-3,-1
2,-3,-7,6,3,-47,-4,-1
3,0,7,28,3,-29,-1,-5
-14,1,1,-8,-2,-36,11,-4
-7,-20,-8,-10,-7,-32,9,3
4,-11,-1,-16,-1,23,7,4
9,4,-4,-15,-7,22,1,3
12,-8,4,-1,9,9,-9,0
4,-10,1,-1,1,16,-5,0
-9,-33,-12,-5,-14,30,-5,1
1,-6,-12,-5,1,25,-6,-1
4,14,11,16,2,6,-2,-2
19,37,-10,-15,4,6,5,2
9,13,-6,15,-3,-15,1,-7
15,20,2,-8,4,0,-2,-6
13,-9,-2,1,-1,15,-3,-4
-14,3,5,-15,3,4,-2,2
-1,6,-1,-18,-22,-6,5,6
-7,-47,-2,-2,5,-21,1,-3
-6,-2,0,5,0,-21,-6,-4
13,-36,6,4,-10,-12,-6,-3
9,-22,-1,-6,12,-3,-2,2
-10,7,4,-3,-9,-5,-3,1
-10,8,5,0,-4,-8,-1,5
-16,22,-5,-4,-4,2,-3,-3
-22,27,-4,26,-1,9,-6,-5
-27,14,-2,0,1,4,10,-5
-32,4,-5,-8,-9,-12,11,-4
-16,0,1,5,5,5,-14,-1
-4,5,-2,-8,-11,23,-12,0
2,11,-5,-7,-1,54,-8,1
1,3,2,-3,-10,23,-31,-4
4,6,4,9,5,-102,-18,0
-1,-4,1,-4,8,-122,-4,1
-4,-5,-3,3,11,-97,29,-4
-7,-5,-10,-12,-10,-65,15,5
5,-4,1,-1,5,-12,55,-2
3,4,2,-4,8,38,4,-1
11,6,2,-4,10,-81,5,1
7,-13,0,6,1,30,10,2
-1,-2,-2,1,-12,77,4,-1
-3,-1,1,-1,-2,127,11,-2
-2,-2,-6,-3,-6,127,-10,2
5,0,1,7,13,37,-5,2
0,-3,-1,-9,-16,27,-34,-1
1,-3,2,0,10,-11,0,-3
1,-4,3,0,-5,-1,4,0
1,9,0,-3,-19,7,5,3
1,1,6,7,3,3,-8,-3
2,0,2,-11,2,-83,-13,-4
-2,-5,3,6,-3,2,-19,-3
4,-3,0,0,7,-17,-8,-5
-3,-2,-8,-12,-6,110,14,-1
-3,0,0,3,-13,86,18,4
-5,-2,-7,5,-1,88,-1,-1
-2,-10,-1,-2,4,73,-21,-6
-2,-14,0,8,9,28,-4,0
-8,-6,-1,-2,-15,9,-2,-2
-4,-1,-1,-8,-4,3,7,3
-2,-3,2,-4,-9,-7,5,-2
-4,-5,-4,-2,-1,-34,-1,-4
3,-4,2,11,-5,2,0,2
5,-4,-3,1,-1,-24,0,3
5,-1,-3,1,3,-32,-1,1
-1,8,4,-3,6,-18,2,0
-5,-2,-8,2,8,-15,-2,-1
-2,2,-2,-7,2,-37,-11,-2
-1,-1,-5,-2,17,-26,4,0
4,4,0,-3,-42,-24,2,-4
-2,5,-3,-11,12,12,1,0
-4,0,7,0,-14,-26,1,-2
-5,-9,1,7,5,1,8,2
-1,-2,-2,0,16,1,-2,1
-2,-26,-1,-11,-1,4,-12,-4
1,-18,-3,0,-14,6,-12,0
1,-2,-2,-7,1,7,-1,-1
2,3,-9,-6,-11,-4,-4,1
1,11,-8,2,2,-16,-1,-3
0,9,-1,12,29,11,1,-5
0,4,-4,-4,-15,-17,-3,-1
0,12,1,-12,7,4,1,-2
-1,14,7,4,10,14,2,-2
-1,1,0,-22,-39,-47,-7,-5
3,-3,-2,8,8,7,2,1
-1,-8,3,14,16,0,-2,2
-2,1,0,-3,4,31,-3,5
0,3,-4,7,65,34,-1,0
0,0,0,-9,-90,-51,-4,0
-6,-4,0,7,-14,-3,2,-3
0,-2,-3,-1,24,1,4,0
2,-2,3,23,73,21,4,2
3,-2,-2,-5,15,24,2,-4
-2,0,1,6,23,30,-3,-2
-3,2,-2,-15,-67,41,-4,3
-2,0,-2,-6,-13,-18,-3,1
2,4,1,10,59,10,3,2
0,1,8,17,53,21,3,1
-2,-2,-4,9,-45,-29,9,1
-11,-4,0,11,38,10,6,0
-8,-3,-11,-33,-96,-91,-14,-2
1,7,16,52,117,77,-2,3
4,0,-15,-62,-107,-45,-15,-1
2,-3,1,-3,35,44,0,-1
-1,-10,1,-9,-2,23,5,-6
10,-1,-6,-2,0,-37,2,0
-1,-7,-3,24,56,-24,6,-4
7,4,3,-39,-128,-93,-19,-5
3,15,6,48,127,17,3,2
-2,-8,-35,-105,-128,-128,-12,2
-5,-4,-3,43,127,-121,9,-4
2,-2,-20,-63,-16,-48,6,1
-3,-4,14,41,33,-63,-19,-13
9,10,9,-39,-53,38,17,7
5,13,12,35,54,-108,-36,-4
2,8,-6,-27,-92,-43,9,2
-1,-7,6,-12,6,9,-2,-3
-20,-28,-1,78,9,72,-11,-16
-8,-15,-8,2,111,118,7,0
-12,-8,12,15,-57,63,1,-3
3,6,-1,2,-19,87,10,6
-9,-23,-21,-5,-4,79,-3,-1
15,4,13,-1,-24,96,-39,27
47,36,43,40,39,33,43,16
-53,-61,-15,-10,-10,41,12,-21
83,29,33,20,-4,-76,-57,84
-50,41,12,27,-74,-82,103,-92
-27,-47,3,-33,-28,-128,-105,103
-88,13,-32,-75,-90,-94,124,39
-24,-49,3,23,9,84,58,-51
-25,-40,-61,-76,53,127,-9,21
101,52,-39,55,25,106,-56,-59
4,-2,29,120,106,-65,7,93
-116,42,91,-2,107,-18,-110,-58
-117,-56,72,-24,56,2,41,-81
-42,-26,-41,-53,83,-35,34,-63
27,-24,-30,-86,-97,62,-25,23
-73,-71,-53,0,-112,-128,127,61
-49,-4,27,-82,-73,113,36,36
32,-74,21,-101,-103,-90,127,102
127,-33,-95,-55,-40,93,95,-26
126,7,-61,24,2,84,42,-5
100,5,-37,127,-128,-112,-22,-19
21,10,0,127,39,-62,-104,-92
13,108,100,-10,-38,-128,-116,-3
-42,75,24,58,30,-120,-14,9
-52,20,81,-118,-21,-19,-105,-29
-128,-19,-62,63,32,73,24,-12
-127,-3,-89,108,16,115,-50,-28
-103,12,-71,93,56,120,-9,-19
36,48,-10,127,20,87,3,20
107,20,36,90,50,127,18,9
104,11,48,127,43,127,-9,-46
-28,-22,-95,-16,-17,77,-11,-8
26,-68,-128,-51,-25,60,-11,52
-22,-10,67,-92,-35,80,-60,-2
26,-34,84,-104,-39,43,-35,94
13,-6,127,-128,-58,39,33,-96
-47,17,103,-112,51,63,25,41
-30,22,34,-104,18,-2,-3,-30
67,0,36,68,41,-98,-23,-16
127,-43,36,86,9,-103,-16,28
121,-1,2,127,13,-104,-1,-28
35,21,2,102,9,-83,5,-13
-15,20,13,3,-3,-83,-1,-14
-5,27,-5,-28,-16,-57,-16,6
9,-66,-29,15,-35,-41,-20,1
-49,8,-9,-6,-35,18,2,27
-53,-50,1,-33,-16,0,2,-28
48,4,-7,-20,-14,-14,-4,8
51,47,6,-3,-3,-21,4,14
13,-14,-3,-13,-3,-13,14,7
-11,21,-16,-22,8,18,9,-20
22,43,2,-40,-9,-5,-2,35
-2,40,-5,-14,-18,-15,7,-26
-36,25,10,25,9,3,-6,-2
-37,-7,-11,9,17,11,70,19
-72,-16,-5,6,5,0,-28,-53
-16,33,-30,22,-3,-14,-10,61
-17,-14,-41,-9,4,17,2,9
1,25,-4,0,4,8,-13,-55
-24,-8,-4,-2,-6,-3,3,9
-34,-13,3,9,-3,3,17,5
-22,-7,-2,7,1,2,-7,-9
-13,-23,-3,-41,2,-4,-7,22
10,2,8,-11,3,-2,0,-11
-23,-14,9,-6,10,-8,-9,-28
11,-25,-1,-5,8,17,4,27
-11,-14,-5,-15,2,-36,3,-35
13,-22,-6,-6,1,-17,-16,18
4,-13,-3,-18,4,-15,8,11
-1,25,7,24,7,-7,-19,-9
-26,8,-1,13,18,12,49,9
-16,-13,-13,9,11,-5,-10,-14
-7,-7,8,30,-1,-1,5,-1
-1,-4,-1,11,-5,7,-7,-15
-11,12,-4,-4,-7,11,-33,10
-13,-7,-1,-6,-7,3,9,10
-4,-7,-22,-14,-8,8,21,-6
-21,4,-8,-15,-2,0,-3,-2
-6,-5,-7,-13,-2,2,-10,-2
4,-4,17,-40,-4,-5,7,10
6,4,12,-22,-3,-3,-19,-4
1,-10,4,-8,-2,-7,7,-3
4,-11,1,16,-1,-9,-12,-2
8,4,2,21,-5,-10,-8,3
2,0,2,42,-1,-16,-3,-6
1,-6,-3,28,-1,-12,11,0
8,6,0,15,-8,0,-8,-8
5,5,-2,4,-5,2,-8,-3
-15,-2,-1,0,-8,-1,0,3
-6,-3,4,2,3,-3,3,-6
11,-3,0,-7,3,1,-11,3
14,4,-4,5,1,-1,-3,-8
20,5,0,2,-3,3,2,7
6,-2,-3,-10,-2,-1,-6,5
-13,3,-5,-17,1,-2,-4,-17
-7,1,-8,-6,2,-7,0,6
16,-4,1,-6,2,-3,-9,0
7,-15,-4,-8,0,1,13,-4
10,-10,-2,-7,0,-1,-9,-4
0,-7,-2,-6,1,13,4,3
-7,7,3,-8,1,6,-9,1
4,5,4,-5,-5,2,-6,0
-2,0,4,-4,-1,1,-3,0
-7,-8,0,-3,-5,-4,4,2
-7,-3,-2,1,-6,-4,-1,0
-7,4,-4,2,-6,2,6,-2
-6,10,-5,1,-3,0,-6,-5
-1,9,-1,1,2,-5,-1,2
-1,0,-8,-5,-3,-3,-3,-3
-3,0,-1,-4,-2,-2,7,-1
-10,2,1,-6,1,4,2,2
-11,0,1,-1,3,5,-3,1
-6,-1,2,-3,5,1,1,-4
0,-1,-3,-7,3,-1,2,0
-3,-6,-5,0,-1,-1,0,-1
-4,-4,4,1,0,-1,-2,-6
2,-2,7,8,0,0,3,-4
-2,0,7,5,-1,-6,-1,1
3,3,-8,-2,1,-4,-6,4
3,5,-7,-37,1,-1,-4,5
2,7,-1,-27,-1,-9,-3,2
0,0,-1,-1,-1,-10,2,-3
3,-1,3,18,2,4,1,-5
3,-1,-4,15,1,-2,-3,1
0,-5,-5,21,-2,3,-7,4
-1,-4,-1,19,0,6,-3,2
-3,-6,-2,10,0,4,-7,-2
-2,7,3,11,3,5,0,-2
-1,2,0,-9,2,6,3,3
0,4,0,-4,0,0,2,-2
-1,-1,1,0,-1,-1,3,-3
-1,-7,3,6,1,2,4,-1
0,-6,0,7,1,-3,-1,-4
0,-4,-3,-4,-2,7,-4,-2
-4,-3,-3,-8,-1,3,0,0
-4,-1,1,-3,-7,-7,2,1
0,-1,-1,-1,-6,-5,1,-1
1,2,-1,-9,0,-1,1,-1
4,-2,0,-15,-1,0,1,3
0,-3,-1,3,2,2,-1,2
-2,-3,0,-2,2,2,-2,-2
-1,0,-3,-4,-3,1,-5,-3
2,1,-3,-17,-2,0,-3,-5
1,5,-4,-3,1,1,2,-3
1,-1,0,-1,3,-1,0,1
-2,0,2,4,2,-3,-1,0
0,-1,2,6,4,-8,1,1
-1,-7,-2,0,-1,-5,0,2
1,-3,4,2,-3,-5,-4,3
-3,-9,-6,9,-4,-2,1,-3
-5,-2,-4,11,-5,-4,2,-5
-4,2,-4,-1,-1,-1,-2,-5
-2,2,-6,-11,0,0,-2,-6
0,2,3,-12,-1,3,-2,-1
1,3,3,-6,-1,-1,0,2
-2,-2,-6,-6,-3,-2,1,2
-2,2,-1,1,-5,0,4,2
-1,-6,-4,-2,-4,-1,4,1
0,-3,-1,1,-2,-1,1,2
1,-3,3,6,0,-3,-3,2
-3,-3,-3,-1,2,-4,-6,-3
5,1,-3,-4,3,-5,-3,-5
3,-1,-3,3,3,-3,-1,-4
3,1,2,-1,2,-1,0,4
2,-5,3,-10,-2,-4,2,1
-1,-2,5,-2,-1,-2,-4,-2
-4,-1,3,6,0,-1,-3,-7
-2,-6,-17,-20,-4,1,-4,-2
0,-7,-6,2,-2,6,4,5
-3,-1,-3,-9,-8,-9,-2,-2
0,2,0,2,0,3,-2,-1
-2,2,-2,2,0,1,-6,-6
-1,2,-4,4,1,2,-2,-2
-2,1,-1,-5,-1,0,1,2
-2,-5,2,-3,-4,-2,3,4
1,7,15,1,-6,-3,-2,-3
-1,2,11,23,11,4,0,-3
-1,1,-12,-8,5,6,1,-3
8,10,-11,-11,-5,-1,3,0
1,-9,-3,6,0,1,4,2
-1,-6,5,7,-2,-2,0,-4
1,1,10,8,-1,-2,1,-4
-5,-4,1,-1,2,3,-4,-3
-1,-6,-8,-3,1,5,-1,-1
-2,1,-8,-16,1,1,-6,-1
-5,-3,4,4,2,6,-3,3
-5,-1,-1,-5,-6,2,-5,1
-3,-1,8,14,-1,0,-1,0
-2,-9,-10,-19,-8,-2,-1,-3
5,-8,-6,4,0,0,0,-2
3,-2,-1,1,2,-3,-1,2
0,-7,-7,-9,0,-3,4,6
1,4,3,1,1,-2,4,2
-3,-7,0,-5,-3,-7,-3,-3
-2,0,0,-7,0,-7,-2,-5
-1,12,-2,6,3,-8,3,-4
-2,2,1,5,-6,-3,-3,-5
-2,8,6,7,4,-1,-2,1
-2,3,20,23,0,-2,-4,2
1,0,-9,-8,-1,-2,1,0
-1,-1,-18,-15,-5,2,2,0
0,-3,-10,-12,-5,3,3,-2
-6,-8,-8,3,-1,8,4,-4
-2,4,9,3,0,11,-2,-4
-2,5,5,1,-3,7,-2,-4
1,3,5,0,-1,8,-2,1
4,-5,-4,-15,-3,3,2,5
1,-5,-1,12,2,-3,-7,2
-1,-9,14,-1,1,-13,-8,-1
-2,0,7,1,2,-8,-8,-2
2,4,6,5,1,-9,-3,0
-4,-2,-1,-5,-5,-4,3,-2
-3,2,-5,4,-4,2,1,4
-5,-2,-15,-7,-5,-4,2,1
-2,1,-7,2,-1,-4,1,-4
2,-4,-1,-2,10,-3,0,-3
1,-6,-11,-12,-7,-9,-1,-2
0,-2,3,1,-4,-6,1,-2
-3,-5,-10,-9,-2,-1,-3,-1
-4,3,-5,-2,-5,1,-3,2
-9,3,2,4,2,1,0,1
-5,8,-2,-4,-2,2,0,0
-4,-3,-9,-7,0,10,-4,1
3,2,13,7,1,-4,-5,-1
5,3,-6,-5,-1,1,0,-3
4,1,2,5,3,5,-3,1
1,-4,-6,-4,-2,7,-3,-3
-1,-3,2,0,-8,9,1,-5
2,-3,-4,3,5,4,2,-5
3,-5,-3,-8,2,6,4,0
0,-6,1,20,-2,-5,0,-1
-4,-8,-3,-5,0,-8,-3,1
2,-5,5,-3,-3,-13,-5,3
-4,-4,-2,1,-1,-11,-4,-4
2,5,2,-5,7,-5,0,-3
0,3,-5,4,2,-4,-6,-5
-3,2,8,3,-4,-6,3,-3
-1,2,6,12,3,-3,0,-1
-2,0,-3,-3,-10,-2,0,2
-5,3,0,-7,-2,0,-1,3
2,3,-1,-7,6,7,-2,3
4,-3,3,7,0,4,-3,0
6,2,1,-7,4,4,1,0
-3,-2,3,13,-3,5,7,0
-8,-9,-21,-23,-13,-3,-3,-3
-2,-2,3,23,1,0,1,1
2,5,0,-8,-4,-3,1,-2
3,4,2,7,9,-3,1,1
-3,10,1,5,-4,-2,-6,-4
-7,-1,-5,-11,-13,3,-2,-5
-5,2,6,9,6,-1,-2,-2
0,-2,-5,-13,-12,-1,1,-2
1,1,5,10,5,0,1,1
-1,-1,-5,-7,9,-1,-4,-4
-4,-3,-7,2,1,2,-4,-3
-2,-7,-17,-4,-1,1,-2,-1
-1,-3,-2,8,8,7,0,3
1,2,3,3,5,7,2,2
-4,-8,0,-17,-5,-4,-1,-4
1,2,13,-9,-9,-3,-3,-3
-2,1,12,14,-12,-6,-7,-4
1,-5,-6,-8,-3,-9,-3,-1
-2,-5,3,6,11,-3,1,4
1,-7,-5,0,12,-3,1,0
4,2,3,-5,-16,-9,1,-3
-1,-4,-6,-2,-2,-8,-3,0
-1,-2,-1,5,2,2,4,0
-6,-5,-13,-17,-33,-9,-3,-3
-4,-2,9,11,7,6,4,3
-4,2,-1,-8,-3,6,2,-2
-2,2,-1,-3,-6,5,-2,-5
-3,5,7,4,11,9,0,-1
0,-4,-2,-15,8,4,3,0
2,-13,-5,-10,-17,-11,-5,-4
1,1,-2,-4,3,-3,-2,-4
-6,-7,-8,-8,-18,-16,-11,-2
3,2,-1,17,2,0,0,4
3,9,1,4,9,5,3,4
3,3,6,-6,0,8,2,1
2,3,3,-2,10,30,4,-1
-2,2,-6,-6,4,-5,-2,-2
1,5,3,5,-4,11,3,3
2,2,-5,3,-5,-15,-2,1
2,2,-1,3,-1,-24,-2,0
0,-6,3,0,5,14,-4,1
-3,-3,2,0,-1,-10,5,2
-6,-4,0,-2,-11,14,4,0
-4,-2,2,24,11,39,1,-6
-4,-7,-9,-5,26,40,-2,-7
-4,-12,-17,-13,-44,42,-9,-8
-4,-7,-8,-24,-25,-47,-4,3
2,-2,4,-5,1,-59,2,4
0,-5,-4,-6,-19,-67,-2,-1
2,1,0,19,18,58,-2,-3
2,1,-1,9,15,12,-5,-5
2,4,1,5,1,13,-3,-1
-1,7,-1,-8,16,-68,0,-2
-1,5,3,-12,-5,-54,0,0
-2,-1,1,0,-16,-71,0,-1
-5,-4,3,0,5,-100,1,-6
-2,-2,-4,8,8,-1,3,1
-4,-1,4,3,4,-14,3,2
-3,-1,-4,-1,-3,76,-3,1
2,4,-7,-7,17,43,-3,-1
1,-5,-5,-5,-26,31,-4,2
1,0,4,-5,-1,7,-6,-2
3,-4,4,6,11,25,-3,1
1,1,4,-1,-4,47,2,0
-2,-3,3,10,3,23,4,-2
0,-2,0,-3,6,6,2,1
-2,1,0,2,-1,29,0,1
1,-3,-7,-16,-10,25,4,4
1,-1,-3,1,-6,7,2,1
-5,-4,1,1,10,-25,-4,-2
2,-3,1,14,-3,-15,-3,-1
-3,0,1,-2,-7,0,-6,-1
-4,1,1,9,-7,-8,-2,-2
-2,3,1,-8,2,-3,5,0
-3,-2,-10,-5,4,3,-1,-3
1,0,-1,-6,-4,33,-1,1
3,-1,-8,-13,-8,14,-7,-5
0,-1,-6,5,5,6,-4,-4
0,-1,-1,-5,5,21,-1,-1
-1,1,2,7,0,29,-1,-1
-2,5,8,-1,0,-71,3,-1
-1,0,1,9,5,-32,-1,-1
-2,0,4,-5,-5,24,-2,3
0,-6,-5,2,5,70,-5,0
4,4,2,-7,3,73,-4,2
-1,-4,-5,9,-7,19,-2,-1
-3,-3,-3,-4,-4,2,2,-3
-2,-2,-1,3,-8,10,2,-3
-4,-5,-6,-8,-7,33,2,-3
1,2,-5,-3,-1,34,2,0
-4,-5,1,1,7,4,-4,-2
0,-3,5,-7,3,5,-4,2
0,-3,0,-6,2,-91,1,0
-1,2,1,-3,3,70,-1,3
1,3,0,3,-2,73,0,1
-3,-3,-4,0,-2,7,-3,-3
-6,0,2,3,-1,27,-1,-5
-4,-1,-3,-3,-4,-100,1,-4
-6,2,-4,1,-3,82,4,-1
-2,3,2,1,-2,8,3,3
-4,-2,-6,-3,-1,48,-3,0
-1,-3,-1,3,-4,5,-1,-2
2,-1,-7,-19,0,-50,-4,-5
1,1,-3,-4,4,-29,0,-2
1,-3,7,1,2,15,4,2
1,1,0,-3,2,-4,-1,-1
-1,-2,1,2,-3,-47,-1,-3
-4,-4,-4,4,-2,-32,-1,-3
1,-3,-4,-4,-1,-33,-2,1
-2,0,1,2,0,-10,-4,0
-1,2,0,10,0,-40,-1,1
-1,3,0,-8,-3,10,1,1
1,0,4,13,-4,115,-1,2
-1,-2,-4,-5,-1,87,-2,-3
-1,-4,-5,-1,1,62,3,2
-4,0,-4,0,-2,-3,-1,-4
0,4,1,1,3,11,4,1
2,3,7,-4,-6,27,0,-5
7,-1,-5,1,12,-26,-3,-2
4,-5,-4,-2,6,-53,-5,0
1,-7,-5,-5,-5,-31,-7,1
1,-6,-4,-1,-4,-30,-4,4
4,6,5,-4,-6,9,-1,-1
1,-1,8,3,-4,20,4,-2
-1,0,1,-6,1,-20,-2,-7
-3,5,-3,0,2,25,-1,2
-5,-11,4,3,-1,47,-6,0
0,-16,4,2,3,59,-4,4
-2,-1,1,6,1,-12,-3,-1
-5,-6,-4,-4,4,124,3,0
-3,4,-4,-1,-3,100,3,-3
-4,5,-9,0,-7,13,0,-3
1,0,-3,5,-4,-24,0,-4
1,5,3,-1,1,-58,-3,-2
-4,2,0,-4,-7,-42,-1,0
0,2,-4,-4,-4,11,2,3
1,3,-3,-10,0,13,-1,3
2,2,0,-4,-4,-52,2,4
3,1,-2,-1,-1,-56,0,1
0,-4,2,1,-1,-86,0,-3
0,3,1,7,5,-57,-1,-2
-5,-1,-4,-2,5,-55,-3,-2
2,-3,6,1,-1,-64,-5,-4
2,-1,-4,-3,-1,-75,-2,0
1,-10,-8,-7,-5,-63,-5,4
1,-5,1,-4,-6,-72,0,-4
-2,2,2,2,0,-101,1,1
-3,4,5,-1,5,-63,3,-1
-2,7,-1,0,0,-39,1,-1
0,8,-5,-2,-2,-76,2,2
-3,-6,-8,-5,-1,-89,-2,-4
1,-3,-7,1,-3,-55,-1,-7
-2,-4,-2,-1,-3,-19,0,1
2,-1,2,0,0,-6,2,1
0,-1,3,-2,-2,-1,-1,-1
-4,-5,0,-4,-2,21,-3,1
0,-9,4,0,1,-13,-2,-2
8,0,5,-4,-1,7,0,-1
5,-8,4,2,1,30,2,1
-2,-4,-3,0,0,32,-1,2
-8,3,-8,-1,-7,60,1,-2
-4,-6,-3,1,5,65,-2,1
-1,7,-1,-6,-6,-25,0,0
-4,-2,5,7,2,-8,-1,-3
2,3,3,-3,-6,-34,-1,-4
-1,3,-9,-7,15,14,-1,-3
-4,4,-9,-6,-6,62,-4,-1
-3,7,-4,20,-4,69,-5,-1
1,2,1,0,0,97,-3,-2
0,-4,3,-4,0,54,-3,-3
-2,2,0,-2,1,37,4,-3
-3,-2,-5,-5,-17,-1,-4,1
-4,-3,-8,-10,8,0,-2,0
-1,-4,0,5,-12,-16,-2,1
-2,-2,4,4,9,-21,-4,-2
2,3,5,-4,-7,-14,-4,0
1,-4,-1,-4,5,-13,-3,0
-2,-5,-1,6,-2,-21,3,1
1,-3,1,1,-3,0,3,0
-2,5,-1,-5,22,19,2,-2
-2,-2,-4,-1,-7,-26,-1,1
-2,-2,-5,-1,-2,-67,0,0
-4,2,-1,-2,5,-28,1,-2
-1,-1,4,16,13,-79,1,-3
-2,1,4,-7,-12,-93,4,-3
-3,-13,5,8,-9,23,2,-2
1,-12,-4,-12,-19,65,2,-1
0,-5,-12,-19,4,63,-2,2
0,-10,-3,-7,-1,-72,-4,3
-2,2,0,-3,2,-124,-5,1
-2,-14,-9,-4,1,-94,0,4
-2,8,1,-1,-9,26,-2,-3
1,11,2,10,3,-11,-1,-4
-1,14,3,-4,1,48,0,-1
4,12,6,9,9,74,0,0
2,7,-1,4,6,12,6,2
3,10,0,8,0,79,0,-1
-3,-1,-2,-8,17,99,-4,0
-5,-15,-2,5,-29,72,-4,0
0,-17,-1,-4,-5,14,-1,-3
-2,-10,1,-1,-18,67,5,-4
-4,-22,-1,7,-16,36,-4,-5
-29,-31,-2,13,3,47,-3,-4
-8,-15,-5,-2,3,-4,-3,-1
13,-3,-3,-3,9,127,-4,1
37,4,-6,-20,-3,61,-5,3
28,38,1,1,27,14,-6,2
20,28,-2,-10,-29,-4,2,3
-8,-11,1,-10,9,-82,3,1
-6,10,-1,9,1,-34,6,0
4,17,-4,-8,-4,-46,4,-3
2,-20,0,5,6,-54,7,-6
-1,0,-3,-5,9,-96,1,1
0,-13,6,5,-4,-88,-29,-5
-5,13,4,-4,10,-75,-12,3
-7,9,6,-6,1,53,-8,2
4,1,2,0,-14,76,-3,-4
-4,2,4,3,3,53,13,-3
5,-3,-2,-1,-2,52,7,-3
-11,-7,-5,-6,3,54,3,0
-14,-2,-3,14,2,62,7,0
-18,8,-7,-3,4,43,5,5
-17,4,0,-3,-21,23,6,1
-18,7,-3,7,-6,4,1,-1
-16,4,0,20,-2,22,-3,-3
-23,4,0,2,-2,11,3,-3
-4,-9,-1,-1,-3,-11,1,-1
7,-6,-1,-4,-8,-18,-3,-1
8,-4,-3,2,12,-10,-4,-2
12,-5,-5,-10,-7,-15,-5,-1
5,-10,-2,0,3,-18,-4,-1
8,5,8,5,8,-19,-5,-4
4,1,-4,-15,-10,-14,-2,2
-2,-8,3,3,4,-8,5,4
-5,-4,0,-9,-1,-18,-1,0
0,-1,-4,-4,5,-17,-5,1
-3,2,2,-1,-2,-10,-2,-1
-1,-8,-8,-9,6,-7,1,-2
5,-4,-1,10,-18,-11,-8,-1
-1,-6,-2,-1,1,-5,-1,-1
-3,-1,-4,-8,-9,3,-1,0
-2,3,-1,-8,-5,12,1,-5
0,-3,1,-6,10,9,2,-2
-4,-2,4,0,1,-7,0,-3
-1,-1,5,-5,8,0,-5,-7
0,0,0,4,2,-13,2,0
2,2,7,17,15,-8,0,1
1,-3,-19,-19,-15,-10,0,5
1,-6,-2,-5,-5,-13,-2,1
2,2,-9,-14,-26,-10,1,1
-5,-4,-1,-7,8,-10,9,4
-9,-5,8,37,-3,-8,-3,-3
-4,2,6,16,18,-1,-6,1
-4,-2,-13,-18,-18,-10,-9,-8
4,0,0,4,-4,-2,-3,-4
6,4,-8,-11,21,6,5,0
2,-2,-9,1,-14,2,4,1
2,2,5,12,1,3,3,1
3,4,-3,1,1,-4,-1,-1
4,-2,8,1,10,4,0,-3
0,-5,8,-7,-7,17,1,-3
-4,-6,-7,-24,-14,20,-3,1
-2,-8,-2,15,2,10,0,-2
0,-2,0,-7,-20,-2,-3,0
2,3,-3,6,16,4,2,1
-2,1,3,5,-5,-7,-3,-5
-3,2,-2,-14,-3,-1,1,-1
-7,-6,5,38,10,-2,0,2
-1,-1,0,-18,-26,-19,-7,1
-1,0,1,13,9,-6,-1,2
0,1,-6,-16,-4,-16,-7,-1
2,5,5,-22,3,-12,1,0
-5,-6,-14,7,-3,-12,-4,-3
1,-1,1,13,-12,-26,-1,-1
-3,-1,-5,0,1,-10,-3,-3
-5,2,-4,-11,-8,-8,-3,-3
-5,4,1,3,29,19,2,-2
-2,2,0,-3,9,6,2,3
3,0,6,1,-16,2,-1,0
1,-2,0,4,-18,-2,-1,-5
2,0,1,-7,-16,-1,1,-1
3,1,5,9,13,19,2,3
1,-5,-1,-8,7,7,-2,0
-1,-6,-5,-13,-14,-1,-4,-2
1,1,7,6,12,-3,1,-4
-3,-7,-14,-4,4,-12,-1,-3
-4,-3,0,1,-9,0,4,1
-5,0,-4,-6,5,-5,0,4
-2,3,2,8,1,-3,0,4
-1,1,1,5,19,-4,0,0
2,3,1,3,-12,-9,2,-1
0,0,-3,1,14,4,1,-2
-1,-1,1,6,-7,-4,-4,0
2,5,7,17,51,6,-3,-5
-1,-3,-7,-4,-28,-4,-3,-5
1,1,-2,-11,-27,-4,2,3
-2,0,0,-6,19,4,3,6
-4,3,-6,-10,-20,-12,-5,2
-4,-6,-3,5,44,30,-1,-4
-2,-1,-2,-10,-23,31,-4,-3
-1,-1,-1,-11,-41,10,1,-5
-4,1,6,0,10,27,2,-3
-3,4,-1,-6,9,-6,4,0
1,0,-6,4,-35,10,4,-1
6,6,2,-2,9,48,-1,0
3,-2,2,-6,-9,50,3,0
-2,-7,-1,15,-29,-3,0,-4
-1,-3,-5,-2,47,-44,-11,-4
2,-8,-10,-18,-79,-53,-5,0
-5,-4,6,21,108,33,-4,-4
-2,-9,-9,-38,-104,-52,-2,4
3,-1,-1,1,30,47,6,5
-1,-5,2,5,39,-97,-8,-3
2,1,3,-12,-73,9,10,8
-5,5,0,-23,-40,-2,-13,-3
1,5,8,-3,11,-9,-2,2
-10,-12,-1,30,109,62,-4,-7
-4,4,4,4,-71,8,-9,-8
-5,10,15,31,69,57,-2,-9
4,-14,-5,-10,-39,0,12,16
11,3,13,19,41,-36,-10,-3
-1,33,-3,3,-20,-128,-64,-26
14,54,10,-10,7,-121,62,-16
-2,31,21,38,38,-72,-1,-5
22,-70,9,-46,-48,-77,-40,104
26,17,-25,32,37,-80,109,14
6,64,-13,-8,21,-80,-100,-80
-70,-67,19,-20,-43,44,37,43
-12,19,-1,17,-34,3,-7,-100
-112,-52,-63,0,-61,30,19,127
88,-60,-49,23,-19,127,127,57
117,43,-22,47,19,76,52,-79
39,21,64,56,20,127,-123,72
-30,-18,102,-85,-19,127,63,-17
-125,37,-6,30,68,66,-22,-55
-128,3,-16,15,-21,-48,17,-42
-15,-45,-78,-107,-40,-71,12,-37
94,-16,-65,-48,39,-82,-55,-11
-77,-34,20,-92,-3,37,-45,50
-61,1,77,37,12,-106,-54,-19
-52,-10,2,17,5,89,87,20
89,-19,16,-45,-57,124,2,-31
127,-52,-43,-105,-102,-97,69,101
73,-20,-46,54,-46,-97,-52,34
-14,36,24,89,-20,-128,61,42
0,46,89,31,35,36,26,-30
-10,-1,112,21,57,95,-74,-21
-24,21,12,47,-53,-30,-60,-13
-33,30,-54,-117,86,-117,21,0
-36,22,-90,73,101,-121,-16,7
-128,-3,-66,-64,118,-17,-5,-33
-111,12,-93,30,110,100,67,32
-63,51,-43,109,31,127,-26,-21
25,-12,-55,127,47,63,-11,-20
102,18,13,127,10,80,19,-18
112,-60,2,46,-41,126,-8,13
55,-29,-2,127,-55,127,34,-13
-18,-43,-86,55,-63,117,-32,-13
-3,-20,21,88,-65,72,-13,36
40,34,38,-113,-5,96,-3,-31
7,12,39,-122,0,68,-59,-11
20,41,79,-107,-47,-14,42,1
4,-14,-1,-92,-19,-35,-30,-13
7,2,33,-102,6,-9,1,21
17,-12,39,-73,36,-18,3,-17
-24,-17,25,-58,43,-19,-27,-16
17,13,4,-21,44,-18,3,13
-10,18,18,-80,24,-1,-16,0
8,10,1,-58,-23,26,9,-8
-2,11,9,51,-31,4,-22,-9
-56,-5,6,112,-27,-12,-2,-18
-5,-11,-16,93,-23,-23,4,9
12,-12,-7,41,-49,-26,15,1
-10,-10,5,7,-22,-48,-4,5
5,-11,-14,8,-28,-58,-11,-6
16,3,-1,9,-1,-22,2,16
7,-3,-2,16,-37,-16,16,4
-20,-38,26,-5,-13,-8,-11,-8
-5,4,-15,1,-2,6,12,10
66,0,-21,-25,-4,6,0,3
48,16,-5,6,-6,-8,4,-16
9,22,3,-15,-3,-9,-3,4
8,-22,-7,-17,-1,1,0,-6
-36,-2,-8,-15,6,3,4,15
-53,14,-8,2,4,-2,0,-24
-26,21,-6,-8,5,3,-13,10
-16,19,-6,3,5,11,10,-14
-5,12,-3,-9,12,1,1,4
16,-3,-2,13,9,-5,-6,0
15,-1,-6,-2,6,-11,4,10
-2,-9,8,2,7,-13,-9,-1
-8,-7,2,-2,8,-10,0,-1
-28,-20,-6,-10,0,-9,-19,0
-18,-5,-1,-12,-8,-9,16,-6
-4,3,1,-8,-1,-8,-4,9
-18,5,5,-5,5,-4,-4,-30
-16,-3,-3,-6,6,0,57,44
-8,7,-2,-18,2,-4,-14,-19
-5,-2,-6,-3,4,2,-9,0
5,-9,-5,-21,-2,6,10,10
-1,-13,-7,-10,-9,1,-11,-12
1,-8,1,19,-6,-3,0,0
-3,1,1,-2,3,7,4,8
-9,-2,0,-2,9,-2,-5,4
1,-2,8,12,11,-5,0,-18
-5,-8,-2,-5,4,-3,-4,5
1,-4,-2,10,-5,-7,-2,-5
2,-5,0,24,-3,-4,-6,-2
-1,-9,-3,22,-5,-3,-4,-5
1,9,2,23,-1,-4,4,2
-3,3,-1,8,-6,-4,-8,-7
2,-2,-4,-6,-9,1,-5,-1
1,3,-1,-3,-11,-3,1,5
-1,-2,1,-23,-6,-4,-4,-5
2,0,2,-15,-2,-3,6,3
3,-5,-3,-17,-4,4,-5,0
3,-4,-11,-7,-4,-2,-3,-3
0,1,-4,9,1,-2,-3,0
-1,-3,2,-12,-5,-4,5,-2
1,-6,-1,-14,-4,-3,1,-1
-1,2,9,0,-1,-1,-4,-1
1,-5,2,2,-1,-2,-1,1
0,-8,-1,14,5,-6,3,-2
3,-6,-3,6,2,-6,-3,-9
3,0,-1,0,-2,-5,0,-3
-5,2,1,-1,-6,-2,-6,4
-4,5,-1,-2,-4,-1,-5,2
3,-1,-1,3,-1,3,0,0
-2,6,-4,0,-1,2,4,1
-4,3,-6,10,-17,0,-3,0
-7,2,-6,-9,-4,9,-5,0
-6,-3,2,-1,3,1,2,-1
-2,-1,4,-17,6,-1,-3,-1
-1,-6,3,-4,10,-2,1,-3
-1,1,-2,0,-2,-7,6,2
-7,4,-3,4,-8,3,2,3
-2,0,1,4,-5,3,-1,-2
-1,0,3,-22,-2,9,-1,-3
-1,2,1,1,-3,5,-5,-6
0,-1,-5,7,-2,-2,-3,-3
-5,-2,-6,6,-9,-5,-4,0
1,0,-2,9,1,-6,-3,0
4,3,-2,6,5,-3,3,2
2,-1,-1,0,5,0,-2,1
2,-4,-1,4,4,1,-2,1
-4,-6,-7,0,4,-4,2,2
-3,-2,-5,1,2,-1,2,-1
-5,-1,-1,-1,4,-1,1,-3
4,1,1,-3,1,2,0,-3
9,1,2,-6,3,1,2,-3
3,-3,2,-31,-1,1,4,3
-1,-5,2,-29,-3,-2,-3,1
-7,-2,3,1,-4,5,1,2
-5,4,5,-2,2,9,-2,3
-2,-8,-10,12,-1,9,-3,0
-2,-1,-4,17,0,3,1,6
0,1,-2,12,-1,2,-5,0
2,1,-1,11,-5,-16,-2,1
0,1,0,11,-4,-7,0,-2
-7,-2,-2,0,-2,-18,5,-5
-3,-1,-4,1,3,-25,2,-2
-3,-2,2,9,2,1,0,-2
2,2,-6,-7,-4,-1,-8,-3
5,3,3,1,-1,15,-1,-3
3,-7,4,-2,1,7,-1,-4
0,-8,-10,-11,0,10,-4,2
3,-4,2,-6,0,-6,1,5
0,-2,-9,-10,-1,-30,1,0
0,0,-12,-10,-1,-41,-1,-2
0,-1,2,3,-1,-28,0,-2
-2,4,4,6,2,-20,4,-3
-4,0,-4,-19,-1,-1,2,1
0,-7,5,-2,-3,10,2,1
-4,-3,7,4,-1,11,-3,-7
-2,0,4,1,-3,14,-2,-3
3,0,4,12,-7,10,-7,1
2,-4,-6,-19,-1,21,-3,0
-3,-7,-16,-25,-8,8,-1,0
-1,-1,7,15,2,10,-3,-1
-1,-6,-7,-3,4,7,-3,-3
0,3,0,9,-2,2,-4,-1
-3,5,6,11,0,-9,-2,-1
-4,-3,-1,-1,4,-4,-2,-2
-2,-3,5,5,6,0,-3,0
-3,-7,-2,-3,0,2,1,2
1,-4,-2,-5,-1,2,3,2
0,-7,-2,-8,-5,0,5,-1
2,6,-1,4,-3,1,4,-1
-1,11,-2,-1,3,5,1,-2
-2,6,4,4,3,7,-4,-1
-2,0,1,2,0,-1,-6,1
-2,-2,-8,-5,-2,-5,-1,0
-2,0,2,-4,-2,-5,3,-1
-1,-3,2,9,0,-7,-2,-3
1,-2,-4,-13,1,-9,0,-5
-2,-5,4,-4,3,-16,-2,-2
-3,-3,4,11,-5,-16,-4,3
-2,-4,-2,1,1,1,-4,0
0,7,6,1,0,5,2,2
-1,1,6,21,-2,14,-1,0
-2,-11,-8,-2,-2,14,1,-4
-1,-2,-6,-2,0,6,0,-1
-5,-1,1,10,1,6,-3,1
-3,5,-7,-13,0,2,0,1
0,7,1,5,-2,-3,-4,1
3,-1,0,-4,-2,-5,0,-1
0,-2,0,0,-4,-8,1,-1
-1,-3,6,4,4,-9,0,-4
-3,-7,-10,-9,0,-13,1,-6
1,11,-5,-7,0,-12,5,-3
2,-11,-9,4,5,-9,0,2
3,1,5,0,-6,-2,-1,2
-3,0,9,29,3,14,-2,-1
-6,-4,-2,-35,4,10,-3,-2
-4,-5,2,30,-9,6,-1,-3
0,0,-3,-12,-3,14,-1,0
1,-1,-8,-6,0,6,-2,-1
5,4,7,24,-4,5,1,1
5,6,5,-17,-7,4,-2,1
1,-2,-7,-1,-7,6,-3,-3
3,12,6,-2,-3,1,-2,2
-4,-8,-4,5,4,-4,-1,-3
-1,-2,-8,-12,5,-5,-4,-2
0,-2,4,12,9,-8,3,-3
1,-2,-4,-10,2,-2,2,-1
-1,2,6,7,7,0,5,4
-6,-2,-1,-4,-40,-11,0,-2
-7,-6,-16,-14,-5,-2,-2,1
-4,-9,-26,-38,-5,-3,-4,-1
-1,0,3,7,7,1,-5,1
-1,2,7,0,19,7,1,0
-4,-5,-7,-10,-4,-1,-1,-2
-1,1,9,18,-2,-3,2,2
-2,-1,-5,-1,-2,-1,-1,-2
-1,0,-10,-12,1,-1,-1,-2
2,2,5,3,5,-1,-1,-2
2,2,0,-3,0,-1,0,3
5,1,4,-6,6,1,-1,4
-2,-1,-12,-13,-24,-7,-4,-4
1,-4,-4,1,14,5,3,-1
1,2,13,11,-1,2,2,-1
-3,-4,-14,-21,-31,1,-3,-3
1,5,6,9,1,6,-3,-1
3,0,2,13,22,11,-1,0
0,-2,-1,-3,-19,-2,-7,-4
-1,-3,-10,-12,9,9,0,-3
-3,-2,0,-8,-8,2,-1,-1
-1,5,9,15,13,4,5,4
-2,-2,5,11,17,3,5,2
0,-5,-8,-3,-40,-19,0,-3
0,-3,-9,3,29,-4,0,-4
-3,-1,-1,-4,-18,-10,-3,-5
-2,-5,-2,3,13,-5,-6,-5
-3,-6,0,4,3,-5,-3,3
-1,-2,4,7,17,-1,4,4
-1,-1,6,-12,-22,-3,-1,2
-9,-7,-16,-28,-14,0,-2,-1
-2,0,6,5,6,-2,1,-2
-1,-1,-9,4,-7,-14,0,-1
5,5,3,-13,-21,-13,1,-2
3,-2,-1,12,33,6,4,0
3,15,4,-7,0,4,-2,-5
1,11,-2,-1,13,18,3,-1
4,3,9,6,27,10,-4,3
1,0,5,-2,-29,-9,-7,1
-4,-7,-8,-10,-16,-10,-6,-3
-1,0,8,2,-2,9,0,1
-7,-1,-6,-7,-1,19,-3,-3
-1,0,11,27,24,11,2,-1
-7,-2,-2,2,8,20,-3,-5
-5,0,-1,0,-8,-25,0,-1
-5,-1,0,4,7,-34,0,2
-2,-4,-12,8,-14,-18,-2,2
3,4,9,9,5,-18,2,3
-3,-4,-16,-22,-9,-31,-6,-2
-1,1,-6,-7,-1,-25,2,-2
5,3,-2,-10,-17,39,0,-4
4,-1,6,10,6,62,3,2
0,-2,9,7,21,73,2,1
-2,-6,-16,-15,-16,105,-3,-2
-1,-6,-8,-25,-28,32,-4,-7
1,-7,-4,-3,-4,3,4,2
0,-7,4,-4,-15,-40,0,1
-6,-5,-3,7,10,-63,0,-2
-4,2,2,2,23,-51,-2,2
-1,-2,-2,2,5,-41,0,1
0,0,2,-2,5,-26,1,-2
-1,0,-3,-5,-40,-32,-6,-4
1,4,5,11,18,-9,-2,-4
-5,-3,-1,-6,-10,-24,3,-4
-2,2,-6,-7,-1,-3,2,-4
-5,-2,1,6,9,6,-1,-2
2,-3,-1,-7,6,-13,2,3
2,-4,-3,0,-8,-6,-6,0
0,-10,-7,-5,-8,18,-4,3
0,-1,-2,-5,-1,16,0,2
2,10,5,7,21,8,2,0
0,2,-2,-7,-5,-5,-2,1
0,0,-15,-10,0,4,-1,-3
2,-3,0,-7,-13,-15,-1,-3
-2,-1,4,-1,-3,-6,0,-2
-4,-1,7,8,11,0,-1,-3
-2,-2,3,-1,-3,-7,-2,-2
-2,-1,2,-2,1,-5,0,-3
-1,0,1,2,-13,-3,-1,-2
0,7,-6,-8,0,8,0,0
-2,6,7,7,6,4,-2,3
-2,-3,-8,7,5,5,0,0
-1,-12,-15,-16,-16,1,-2,1
3,-5,-4,-4,-14,-6,-1,2
1,-2,3,7,7,2,4,1
-2,3,6,10,20,-3,1,-1
-1,6,0,-10,-11,0,1,-3
0,0,-2,-3,13,-5,1,-8
-1,-4,-4,-12,-11,-3,-1,-3
-1,-2,2,11,-3,0,-2,-1
-4,-4,-2,-1,6,-3,0,1
-2,0,0,1,11,-3,-2,1
1,-1,2,5,-4,3,0,1
-1,1,-6,0,2,-6,-3,1
-4,1,-6,-9,-10,-2,-3,2
-6,3,5,8,12,4,0,-1
2,2,4,0,-25,3,0,-3
8,0,5,1,13,11,3,2
7,-1,-5,-10,-9,0,1,0
2,-4,3,17,1,4,2,-3
-2,-8,3,4,9,1,-4,-2
2,-4,-6,-12,-9,5,-2,0
-3,1,2,3,-10,0,1,1
-3,1,-5,-8,4,-2,-1,1
-1,2,-3,-8,-16,-5,-3,-2
-2,-5,1,9,6,0,0,-5
1,0,7,5,20,-3,-2,-4
2,-5,-7,-18,-23,-6,-2,2
-2,-5,-2,10,0,-3,-1,2
-3,3,-1,-11,-1,4,2,4
-1,-2,-3,-3,2,1,0,2
3,1,4,3,-6,-3,-1,2
-3,-4,-3,5,14,2,-3,-2
-3,1,-1,-2,-10,0,-2,-4
-1,2,-4,6,7,2,-2,-5
1,3,-3,3,8,4,-2,-5
0,4,-1,-12,-1,1,-3,-6
-5,-4,-1,4,-3,3,2,-1
-5,1,3,-4,-10,0,4,0
-3,-2,5,7,-1,-3,-5,0
-1,0,-2,5,19,2,-2,0
-3,-6,-7,-5,-10,0,-2,-1
0,-7,-7,-6,9,7,-2,-2
0,-3,-10,-11,-12,-4,0,0
-1,1,2,-6,-12,9,3,2
5,4,6,2,-2,10,2,5
4,2,1,2,0,14,4,-1
-2,3,2,4,18,11,5,0
3,0,-2,-4,-15,-23,-3,-4
-3,-5,-2,-6,4,-17,-1,0
-2,-2,-2,-10,-11,-19,-5,-1
-2,1,6,12,7,-20,-5,-2
0,-2,-3,-5,-1,-36,-2,1
3,1,2,-3,-1,5,-3,-1
-1,-3,-2,2,-12,-13,-8,-5
-1,0,-5,-4,-5,18,0,-1
-4,4,0,7,12,12,0,1
-4,-4,-7,-8,-22,-116,-1,-3
-2,-3,0,11,24,-52,6,5
-3,-7,-4,-3,-2,-21,2,-1
4,-3,0,-1,-3,33,-3,0
-2,8,7,10,14,25,1,-1
-2,4,8,0,-13,27,2,0
-3,-6,-15,-10,-8,5,-2,0
-5,-6,-8,-12,6,28,-1,1
2,-2,-3,13,-1,-14,-4,-5
0,3,-1,-6,-2,-45,-4,-5
1,0,8,-2,0,-21,0,-3
3,-4,1,-1,-8,24,2,0
0,-5,-8,-13,-14,37,-2,-3
-4,-5,-6,-2,1,46,-1,5
-1,-7,-1,6,20,63,-1,4
-5,3,-3,6,-13,59,-3,0
-6,2,4,3,4,40,-2,0
-1,0,2,0,-2,30,2,-2
-1,-1,-2,-2,-7,-5,3,-2
3,0,5,9,5,1,4,-2
-1,-8,0,-3,-7,-16,-1,-2
-5,0,0,-6,-4,-16,0,-3
-6,0,-1,-5,-8,-32,-3,-4
-3,9,1,8,14,-10,2,-3
1,4,-7,-9,0,5,-3,5
4,6,7,4,0,-28,-7,4
0,-8,-4,-14,3,-32,-5,-1
-1,-5,-2,-11,-25,5,-5,-3
-4,-2,3,1,-1,8,-5,-4
-3,-1,-4,1,10,2,-1,-3
1,3,-1,4,0,7,1,-1
-1,-2,5,8,21,-6,6,2
0,-7,-10,-6,1,-16,2,2
1,0,1,-1,-28,-10,-2,0
-2,-2,3,-5,-5,-25,-6,-1
-2,-6,-5,-10,-2,-29,-2,-2
0,0,2,9,6,-49,1,-2
3,-4,-8,-17,-23,-27,1,-2
-1,7,3,14,16,-43,0,-2
-2,1,-1,-1,-40,-12,-7,-3
-3,-1,3,-4,7,-19,2,-1
-6,-4,-2,0,40,18,2,-2
-2,-4,2,12,-8,-60,1,-2
0,2,-5,-5,-13,-31,2,5
0,2,4,9,-7,31,2,2
-1,1,0,2,-8,-1,-2,2
0,5,3,-4,23,-6,-6,-1
-3,-4,2,11,11,-50,-4,-4
-1,-5,-15,-1,-1,-12,0,1
-2,-6,-6,-5,14,-38,2,-1
-1,-4,-9,-5,-15,-34,2,0
-3,-2,0,-10,-17,-35,4,2
0,-2,9,21,13,-14,-2,-5
1,-6,2,-5,-27,-22,-1,-4
2,2,2,2,-14,-28,3,2
-2,4,2,5,19,-11,-5,-1
3,5,4,-3,14,-4,-2,3
1,3,3,10,-16,-39,-3,1
-1,0,3,-8,-4,12,-4,-2
-5,4,-1,2,8,0,0,1
-8,-3,-6,-9,-5,-33,-1,-4
-1,0,-7,-8,8,-2,-2,0
1,1,-8,-14,-7,23,-2,1
2,-4,3,9,13,-16,0,-3
1,-1,-1,-5,6,0,-5,-1
-4,-2,0,6,10,0,1,-3
-1,-3,0,-8,-22,-91,-1,-4
-1,-5,6,5,16,-98,1,-3
-1,3,-4,-11,-23,-119,1,-3
-1,0,1,5,1,-84,0,0
0,1,2,12,13,-67,4,1
5,-1,-2,-4,-1,-83,0,1
3,-2,5,-3,0,-84,-2,-2
0,2,-5,-4,-5,-66,-5,2
-1,-4,-6,-10,7,-14,2,-1
-4,-3,-3,-2,-7,-54,4,-4
-7,0,-1,-3,-3,-46,0,-5
-3,0,4,-7,-16,-49,-1,-2
-1,-7,2,5,16,-2,-7,2
-1,-6,-7,-2,3,12,-5,0
4,5,0,2,-10,21,3,5
0,4,-3,-3,11,-3,-1,0
-5,6,10,21,3,-1,2,-4
-1,3,0,-6,-16,12,-1,0
2,2,-2,5,14,23,3,-3
1,-5,-6,-8,-12,-1,4,-3
-1,-3,-2,-7,-18,-2,0,2
-3,-8,-3,-3,8,-1,-3,0
-3,-1,3,8,-3,-22,-4,-1
0,-8,0,2,1,7,-4,-1
1,-6,-6,-1,1,8,-4,-2
-2,4,-1,-7,-6,-7,-4,-1
-1,0,-8,-15,-3,-37,2,-1
-4,1,3,6,3,-8,1,-2
-2,-1,3,-7,-13,-12,-1,-4
0,0,1,-3,-1,5,0,2
-4,-6,1,-1,-11,0,-6,0
-4,-2,-2,2,4,-5,0,3
2,2,0,-2,15,-4,5,7
6,7,3,-1,-6,28,4,3
2,2,-4,-11,-7,-31,1,-1
-1,-6,4,25,-6,-22,-6,-6
0,0,-9,0,11,14,-5,-3
-3,-12,-4,-1,7,-25,-4,-5
3,-2,2,-1,-4,-8,1,-2
-3,0,0,-5,-4,-1,4,-1
-3,0,-4,0,-1,-18,3,0
-2,-1,-5,10,0,-13,2,2
-4,-2,-3,5,-2,-12,-1,0
-1,3,-1,0,11,-30,-2,0
0,-1,0,-2,-2,-12,-7,-4
-4,4,-5,-13,9,-10,-3,0
-4,-2,2,-2,-22,-6,-5,1
-1,-6,-1,-1,15,15,2,3
-1,-8,-1,-11,-30,11,0,1
-1,3,-1,-4,-1,-31,-6,-5
-2,-3,-7,-3,6,3,5,-2
-4,0,-6,-9,-6,-12,-3,-5
-3,3,0,2,9,-7,-2,-4
0,-3,8,1,-7,-14,0,-2
1,-3,1,-5,5,-16,-4,0
3,4,-6,-11,-17,-21,-1,5
2,0,-2,1,5,-23,-1,3
0,-2,-2,-4,-4,4,0,-5
-1,-3,-4,0,14,-5,-2,-3
1,-6,1,0,-11,10,-1,-1
-2,0,1,4,-7,-13,-2,0
-3,2,3,6,-1,20,-1,2
-6,0,-8,-1,3,71,-4,-2
-6,3,2,-2,-9,98,-6,-1
-9,8,3,-1,8,127,5,0
-4,1,7,3,-2,104,7,1
-2,1,-3,-21,-2,-7,3,3
2,-3,-2,3,0,-49,0,-2
10,-8,-9,-9,-5,90,2,-2
5,-7,-2,-1,-7,-128,1,-1
2,-6,-4,8,11,-97,-3,-2
1,3,-2,-4,4,-99,-4,2
-2,3,5,2,1,-128,-3,-1
1,3,-2,-7,7,-111,-8,-7
-1,2,5,4,-19,-118,-2,-3
1,3,-3,-1,-1,-119,2,1
-3,7,-4,-6,-11,-95,-5,1
-2,2,-6,0,5,-42,-2,0
-3,1,4,7,-9,-26,-4,-4
-3,-3,12,25,-11,57,2,-1
-5,-6,-2,7,26,12,-2,-2
-1,1,4,-15,-9,23,1,2
6,-3,-8,-1,9,58,0,4
3,-3,6,13,5,46,0,-1
1,-9,-3,2,-9,9,-1,-1
-1,-5,-4,7,20,63,1,-1
0,-6,-1,-7,2,68,-4,-3
-3,-2,-8,-24,-3,58,-4,-3
-1,-4,5,-1,-13,-38,0,-1
2,-5,-2,-6,-5,-29,-2,-1
0,1,1,1,5,13,-2,1
-4,-1,-4,-4,5,-24,2,-2
0,5,2,-1,-4,-36,-2,-3
1,0,-3,2,2,11,2,-1
2,3,1,-4,8,31,2,0
0,-2,-4,-3,-20,25,-4,-2
0,-9,-9,2,1,21,-3,-2
2,-5,-1,-10,-23,-66,-4,1
-1,-4,4,4,-6,-4,1,0
0,3,-1,-3,23,9,2,0
-4,0,-1,-6,-21,27,-2,-2
-1,2,-2,5,1,46,-1,3
-6,6,4,13,-4,33,-2,1
-5,-5,-8,2,15,10,1,0
2,1,-1,-2,-1,26,0,-1
-3,1,6,6,3,13,-6,-5
0,2,-4,-11,-4,1,-1,-5
2,1,-2,0,-1,1,-1,2
2,0,3,3,11,-6,0,-2
-2,-3,-6,-9,-10,-6,-6,-2
-1,1,0,-8,-6,-22,0,0
3,1,3,1,12,-18,0,-3
-1,-3,-5,-12,-27,-9,4,-1
-3,0,-3,-4,14,-8,5,5
-3,-10,-2,20,-8,-7,-1,-4
3,-45,-1,0,7,4,-2,0
-6,-26,1,3,11,10,-2,1
-4,-13,-5,-2,-2,13,1,4
-4,-2,-2,-10,-10,4,-3,2
10,34,-8,-11,-4,9,-4,-3
12,30,-3,-2,-2,27,4,0
3,10,-1,2,-1,17,6,-8
1,19,3,0,7,-4,7,1
-12,6,-8,-11,7,-23,-2,-1
-12,2,3,-1,5,-23,-4,0
-4,11,-4,7,-12,-20,-9,-1
-2,-1,6,1,5,-17,-3,-4
-6,7,3,-6,2,-6,1,-1
-10,-9,-6,-1,-10,-9,1,5
-7,-11,-4,-1,5,8,3,-1
4,-2,10,4,3,32,-9,0
-1,-4,-1,0,-5,15,-7,-2
7,-1,-8,-13,3,-7,-11,-7
13,-7,2,9,5,-22,2,-2
9,-31,-5,-1,-8,-20,4,1
4,-6,-1,-6,-11,-13,1,3
-3,1,3,2,9,-7,0,1
2,5,3,0,-10,-17,4,2
-15,5,-25,-13,11,-8,-4,-6
-3,-18,7,7,1,0,-4,-5
0,-29,6,2,3,-1,-3,-1
1,1,0,-10,6,4,2,4
-11,-12,-2,-1,-15,3,3,3
-8,8,4,12,-14,3,-2,-1
-4,23,-9,-1,1,10,-3,-3
11,12,-4,2,-1,9,-5,4
9,21,17,20,0,0,-1,7
1,-2,-7,-13,17,-2,0,0
-5,-6,0,50,-23,-9,-2,-5
-9,-16,-18,-37,-19,-5,-4,-5
3,-10,3,6,17,6,0,-1
8,-9,9,2,-18,9,-3,0
2,3,17,-2,25,21,0,-1
-10,-2,11,44,-3,-8,-2,-3
-16,12,-9,-19,-16,8,18,3
-14,14,-5,0,19,53,16,-2
-6,13,1,2,-9,44,4,4
-6,5,-8,-10,-27,49,-8,-5
3,2,-9,-21,7,-11,-4,-4
-3,1,-3,18,14,-15,3,5
-2,-1,-3,-27,-10,-55,-9,-3
0,6,0,6,29,-21,0,-3
2,-12,-1,-2,-20,-30,-22,-9
5,-7,-4,0,-8,-19,-8,-2
6,3,9,-5,3,-1,2,5
-1,-2,-6,-20,-6,-15,2,1
-6,-4,-14,9,-5,-9,-3,-7
-3,-3,-1,-5,-35,-18,-10,-3
-8,-3,-7,-2,16,19,-6,-4
-9,3,3,13,9,36,-7,-1
-2,10,4,15,30,52,5,3
-1,9,8,3,51,15,6,-2
-1,0,-4,-6,-66,-15,2,1
-2,-7,-3,-19,17,-49,4,1
1,3,8,9,75,8,1,10
-5,-13,-1,-3,-9,-33,1,0
-2,-4,-6,-17,-42,11,-6,0
2,4,7,21,-27,23,3,5
-4,-10,-3,-15,-66,-108,-10,-11
13,6,5,3,49,-14,14,1
14,-6,-5,-12,48,37,19,3
3,-14,4,0,-69,92,9,-5
2,-2,-13,9,99,3,-10,-2
-6,3,7,2,-25,37,-2,-4
-7,-6,1,5,-12,7,-29,-3
0,10,-2,-12,44,88,13,5
-4,-9,-4,-11,15,-58,10,-9
1,-2,-13,-14,-54,-8,25,0
2,2,-1,55,73,3,20,2
6,-10,-14,-61,-85,-28,-26,-5
-2,10,9,32,-5,68,-20,1
-11,13,2,14,70,70,-5,0
-20,9,15,8,57,30,12,-7
-1,18,1,6,28,-24,-17,12
-9,-24,-6,-6,-48,-49,-15,-11
-4,-13,-15,-12,-39,-116,-3,-6
9,-9,-20,-25,-13,-84,-25,-2
7,-7,10,43,127,4,-1,-7
7,-5,3,-29,-127,127,-6,4
-5,-19,3,9,-28,69,-22,1
9,-8,-5,-14,51,51,0,-4
-21,-7,-14,-32,-6,-33,10,1
6,21,9,-2,6,-108,3,11
16,19,26,-7,-41,-23,-79,-1
4,-29,-7,46,37,-128,68,36
26,-35,-8,-16,-27,-54,-61,91
26,44,20,-56,-24,-84,38,-79
-81,24,-32,-29,-14,-29,-92,-101
107,82,45,70,52,17,73,91
38,-73,-50,49,108,9,94,-14
-75,56,1,9,93,127,-88,-40
-4,82,-17,-10,103,92,-72,-1
-128,-50,-30,-68,-19,71,-128,-81
18,102,-14,24,-45,-7,-101,-6
48,-28,24,-60,-117,-25,-81,41
58,-60,-32,-65,-128,-51,107,-3
-30,-56,25,0,-128,-7,112,54
-127,-17,-7,-45,-86,-69,127,-55
-89,-26,17,-22,19,42,109,-4
-67,-54,-38,12,74,-25,-3,64
16,-16,-6,12,48,0,-103,30
24,19,18,31,25,-43,-112,12
87,-7,-24,49,-23,22,-11,13
127,-12,10,7,-47,112,90,63
59,12,16,67,-128,62,-4,-20
6,14,120,40,-25,7,-103,-13
10,7,117,-21,127,53,28,66
-19,37,84,105,127,85,80,-83
-19,13,-34,45,125,17,-91,-80
-43,-54,-108,127,47,-38,90,8
-51,-33,-128,-49,-3,-120,-85,0
-63,7,-67,-128,22,-105,-39,62
-63,58,-8,-115,-4,5,-35,-18
-42,19,9,42,4,64,5,-32
0,0,-8,127,-5,54,56,1
42,-13,-14,127,-57,40,6,-1
56,-9,23,124,-39,38,33,-14
44,-14,32,19,-49,53,6,14
25,-26,6,127,-30,54,22,4
11,-15,27,127,-42,24,-35,-10
27,-8,-94,7,-27,13,1,7
43,-5,-91,-128,-59,16,3,-6
8,6,-97,-107,-47,24,-31,-5
1,-3,32,-124,12,56,-27,-1
-8,8,56,-128,-11,12,-30,-2
12,14,84,-128,-6,54,-54,-41
38,2,82,-61,-8,56,-8,20
20,26,91,-34,-30,23,-15,10
18,10,43,-36,-21,23,-7,23
-42,2,31,-66,15,-1,-20,-30
-20,21,30,-35,12,-39,13,-8
-19,-5,7,-18,7,-25,-9,-30
3,-6,14,26,-4,24,20,-9
-7,10,13,67,17,92,16,17
-4,-14,16,56,-6,71,-21,-16
1,-25,-22,0,-17,14,-4,9
1,-8,-4,-2,9,-11,9,-3
3,-21,-13,3,-36,-25,-15,7
-14,0,5,23,3,-9,-12,-8
-12,14,7,19,-25,-29,-3,3
-10,15,0,4,-6,-35,17,2
18,-4,5,10,15,-24,2,1
10,-6,-7,13,10,-6,11,-1
32,-18,-34,-2,4,-38,-1,5
9,10,-14,12,-10,-14,1,-13
23,3,-13,29,-3,-9,3,0
-11,0,-18,30,-3,-13,2,0
-5,-2,-1,5,-1,-12,3,4
-16,-46,-13,-22,1,-11,-9,-2
-28,-22,-2,-2,8,-16,4,-1
-6,6,-3,-10,17,-17,11,23
-25,30,-6,-3,9,-13,-34,-46
-34,32,-12,-17,4,-1,55,19
-10,39,-2,-12,7,-14,-10,-2
-3,4,-4,-11,2,-2,-3,1
-6,3,-7,-10,5,0,17,10
-8,-15,-11,-19,-3,-4,-16,-28
9,-6,6,-10,2,-7,-10,18
1,-10,-15,-9,-2,-1,10,8
0,-9,-12,-4,2,-7,-12,5
3,-7,0,-3,-5,-8,-6,1
-12,-6,3,-17,3,-7,-2,0
-7,-3,-9,-7,-4,-3,-11,-11
-10,-7,-7,-21,0,-7,11,11
0,-7,2,-4,2,-6,-9,-2
9,4,10,-21,11,-4,7,1
4,-2,12,-11,4,-5,-6,-9
-10,-10,6,15,0,0,6,3
5,5,7,11,-1,2,5,5
-2,-10,-2,19,-4,1,-2,-13
-1,0,4,2,-3,-5,7,-8
-5,-1,4,21,-3,-1,7,1
-7,-3,0,18,-7,-5,3,2
1,-1,-2,17,-3,0,10,2
0,-1,-3,11,-5,-5,-11,-2
-2,-4,-7,6,-3,-3,-12,3
6,5,1,3,1,-7,-15,-5
3,6,-6,-6,3,-8,0,1
-1,-2,-4,-4,2,-13,3,-2
-1,-1,5,-6,1,-7,-3,0
-1,-4,-6,-4,0,-13,2,-7
-1,8,0,2,-3,-3,5,2
0,-1,-4,1,-2,-2,-2,-2
0,3,0,1,-3,0,0,3
8,-4,-2,-4,-4,1,-6,0
5,-1,3,-1,-3,-1,3,-7
9,-2,1,-11,-1,7,0,-5
-2,-2,-4,-8,-2,7,4,3
-6,-6,-3,-7,1,4,-4,0
2,-1,-6,-2,0,2,-5,-2
-4,1,0,5,2,1,3,-2
-4,-5,-6,1,0,0,-2,0
1,1,3,3,-3,2,-4,-1
-2,-5,1,9,-3,2,-2,5
-3,4,6,5,-2,3,2,-1
4,4,-1,-2,2,1,0,2
1,0,-5,-7,2,5,2,1
-2,-1,-2,-2,13,0,-2,-1
0,1,-4,1,0,2,2,-2
-2,-3,-2,-2,-2,-1,1,-1
4,1,-1,-8,-4,3,1,-2
1,-1,-3,-8,0,1,0,-1
-2,-8,-6,-2,-1,-1,-5,-1
-6,-5,-4,1,3,-4,-1,-2
-3,-4,1,-1,3,-4,-2,-1
-6,0,7,3,-5,0,-2,2
-1,3,3,3,-6,-3,1,1
-2,1,1,-3,-4,-2,3,0
4,3,-2,-4,-3,-1,0,-5
-3,-1,-2,0,-5,1,-1,0
-4,2,-2,3,-2,1,-3,-2
-5,3,-5,1,2,1,-4,-2
1,-1,-3,-1,4,1,-2,0
1,-5,-4,-2,0,1,1,0
-6,-5,-3,-8,-6,0,1,-4
1,-3,-2,-6,-8,0,-1,-3
-4,-5,1,-3,0,2,-2,-3
-2,-4,-6,-3,-2,-2,-2,-2
1,-2,-2,2,2,0,-1,4
1,-4,3,3,1,-2,0,1
-3,1,3,5,0,-4,-1,-3
-4,3,7,3,0,-1,-3,-4
-1,4,3,1,3,-3,-1,-2
-3,4,1,1,1,-6,0,2
3,2,-3,5,0,-8,2,2
-1,-1,-6,-16,-3,-15,2,0
2,-1,-1,-3,3,-22,0,-1
3,-3,0,3,2,-6,1,0
-1,-7,-4,-3,-3,10,0,-4
0,-1,-7,2,-1,13,-1,-3
0,-1,6,22,-1,17,-5,1
0,-6,-16,-33,-4,10,-3,0
2,-1,2,-2,2,8,-3,1
2,-3,-7,-14,1,6,2,-1
-2,-1,1,-12,2,2,2,-1
-5,0,8,11,3,-4,-5,0
-1,4,3,9,3,-2,-1,2
-2,0,4,12,-3,0,-5,-4
-4,2,-9,2,-6,-1,-3,-2
-1,1,-3,9,-7,-5,-5,-2
-2,5,-2,11,-8,-6,-1,0
1,3,3,-6,-3,-5,-5,2
-2,-8,-5,-16,3,9,-5,1
-2,-12,-5,1,1,14,-2,-3
-6,-12,-10,-34,-2,10,-9,-4
-2,-3,4,-2,1,5,0,0
-5,-6,0,3,-1,3,-1,-2
-1,4,1,-11,1,-3,5,-2
6,6,2,-1,5,-7,3,1
5,6,8,24,2,-10,-3,-1
0,-4,-20,-42,-4,-10,2,-5
1,2,5,9,0,-15,3,-5
-3,0,-1,6,-1,5,3,-5
-2,3,-2,15,7,11,2,2
4,4,7,18,2,0,-1,5
-2,5,1,6,-1,-13,-1,3
-5,-1,2,2,-3,-24,0,0
-2,-7,-2,-12,-3,-22,-2,0
2,-3,6,1,-6,-7,6,-2
0,-2,-3,-5,0,-12,0,-1
-2,-3,0,6,4,-27,-2,-2
0,-5,-4,-2,0,-27,3,-1
1,-1,0,22,4,-29,-3,1
-2,0,3,10,0,-19,-4,-3
-3,-6,-8,-16,-9,-4,-1,-3
-6,-3,-2,-15,-2,6,2,-2
1,1,5,-8,-3,25,-2,0
-3,0,-2,-5,1,23,-1,1
4,6,3,6,2,19,0,1
1,3,-8,-3,-4,18,0,-1
-2,2,-5,-4,1,14,2,-2
-2,2,4,16,12,20,3,0
0,4,1,-1,0,10,1,-2
0,6,5,2,-2,5,-2,-1
-1,6,7,10,-6,-7,-5,3
-8,-2,-5,-32,-13,-4,-2,2
-8,-10,-8,-5,-12,-6,-3,-2
-5,-4,-4,-6,-3,-8,-3,-5
-1,-6,-4,-14,0,-3,3,-4
4,-3,-4,-5,-6,-10,0,0
10,-4,0,7,-1,0,-2,4
14,-4,-9,-19,-10,-51,0,0
2,-3,-2,7,3,-58,0,-4
-1,0,-4,4,-1,-86,0,-1
-7,-1,-2,9,2,-52,-1,-1
-8,-3,-1,12,4,-71,-2,-2
-4,-2,4,-6,3,-6,0,0
-3,0,3,-3,0,50,0,2
1,2,2,-2,-5,76,2,2
0,3,4,7,3,58,-1,-2
-5,-5,-2,-12,1,86,-1,-3
9,-2,6,7,8,39,-1,-5
10,-5,0,-10,-3,103,-5,-4
9,-10,-2,2,-2,127,-4,-4
-2,1,-1,10,-6,127,-4,1
-6,0,6,24,-6,127,-1,1
-17,1,-11,-7,2,64,-2,0
-7,-15,-1,0,-6,-74,2,-1
-6,-25,-6,-3,4,-77,-3,-1
3,4,-1,2,3,-94,-4,-4
0,13,6,2,0,-81,-5,-1
-11,26,3,-4,3,-42,-5,4
-7,12,2,1,-1,-110,1,0
-3,-1,-6,-8,-3,-56,-1,-4
-4,4,-3,2,6,-64,-1,-3
-2,0,-2,-1,-1,-110,0,0
7,-1,-1,1,-5,-126,2,0
-2,-10,-3,-2,2,-128,5,-4
1,-35,1,-2,3,-67,1,-4
4,-12,-1,5,6,27,-5,6
2,11,-3,-2,-1,78,-1,-4
-1,10,-1,-5,-6,78,1,3
1,12,1,0,-7,26,2,-2
0,3,-4,-4,-4,83,5,-3
0,3,2,-3,-1,88,-1,-2
-19,-1,0,-7,-1,28,-5,-5
-2,-3,1,7,2,7,0,2
-2,-5,0,2,-4,28,0,1
2,0,-2,0,0,29,0,-3
7,2,-1,-4,-3,15,-1,-4
0,3,-1,0,-1,-7,-1,1
1,1,-1,-2,2,20,1,-3
1,-2,-6,-4,-6,9,-1,2
-1,-8,-3,0,1,-18,-3,4
-1,3,2,0,-1,-19,0,2
0,-3,-2,5,2,21,1,-5
-6,-1,-6,-4,-5,-24,-5,-4
-2,-4,-3,-2,-4,-1,-4,1
-2,-2,0,-7,-2,-35,0,2
-4,-2,1,-1,-4,-8,-5,0
3,1,5,0,1,-15,0,2
1,0,3,-2,-4,-69,-4,-6
0,-4,1,5,1,-76,-1,-3
-2,-1,1,-6,-1,10,-2,-3
-1,3,-5,-1,4,-23,3,-3
5,3,-2,-2,-2,3,3,1
-1,-4,-3,-2,-3,27,1,-1
0,-4,-3,-4,-7,25,1,2
0,-2,1,6,-5,-31,-5,4
-1,-3,1,-1,-2,-2,-1,3
-5,-1,-2,3,-3,-42,-1,1
-4,4,-6,3,4,-17,0,-2
-3,0,-2,0,-1,3,5,-1
0,-1,0,3,6,-13,1,-1
-1,-2,-2,3,2,20,-4,-3
2,-3,-2,-4,-5,8,-3,-1
0,-5,3,-3,-1,-29,-5,0
-1,-4,-1,-3,5,-6,0,0
-1,-1,0,-5,3,9,-1,0
0,0,0,3,-1,2,2,-1
-2,-2,-6,-1,-2,-3,-3,-5
-2,-3,-3,-2,-2,50,-2,-5
-3,-2,0,0,3,-15,1,1
0,2,0,1,4,-47,6,4
2,1,0,1,1,-70,1,-2
3,0,-2,-2,2,-42,2,1
5,1,0,-1,-2,-35,1,1
3,-1,-1,-1,-3,-69,-1,-4
2,-5,1,-3,1,-52,4,-2
5,2,-3,0,-1,-4,0,-2
8,3,-5,-3,-2,-14,0,-3
4,1,0,-2,-3,-5,-1,0
-2,3,4,-2,3,32,0,-3
-3,4,-1,-4,-3,-1,0,-3
-2,8,0,4,0,-19,-3,-1
-7,7,-2,-2,0,10,-6,-1
-1,5,2,-1,-10,-2,3,5
-4,-2,3,1,0,36,3,-1
-1,-4,-3,-7,2,47,8,-1
-3,-4,4,-3,0,-23,4,-4
-1,-5,-2,2,5,109,-3,-1
-1,-4,-1,3,1,49,-4,2
-4,-6,3,1,1,19,-10,-1
-5,-8,-2,0,-5,-8,-6,-4
-3,-5,-5,-1,-4,-54,-2,1
-3,-6,-7,-3,-5,-78,-3,-1
-2,-3,2,-3,5,-44,-2,0
4,-3,1,-1,2,-74,-7,-2
-1,-3,-3,1,0,-50,-6,-2
5,3,-6,-2,-5,-27,-8,1
2,-1,-7,-4,-10,-19,2,-1
-1,1,2,1,-2,-18,1,-1
-2,2,4,-1,-4,-18,1,1
-4,2,7,-1,-2,-20,-3,-3
-5,-1,5,2,-3,-6,2,0
-8,-1,-4,1,-1,-7,4,2
-3,-8,-7,2,3,-16,-2,0
-4,-4,-3,-3,-2,-13,-1,3
0,0,1,1,-6,7,-3,0
0,-3,-4,0,0,-14,-2,-1
-1,6,-2,-6,-4,-15,-6,-4
4,4,3,-4,-4,3,-3,1
-1,4,-2,-1,3,3,-2,-2
1,0,-3,-1,-1,4,2,1
2,0,0,-3,-1,-33,3,-2
-5,3,1,-1,-1,-27,3,-4
-6,0,-1,-2,-2,-17,-2,-2
-1,2,-3,-3,-1,-16,-3,1
2,-1,-1,2,7,4,-1,2
-1,-11,-1,-3,0,0,2,0
0,0,0,0,-1,2,-4,-2
-1,-3,1,-1,-1,30,-3,-3
1,-3,0,-1,-5,23,0,-5
2,-1,-5,1,0,19,6,1
1,-4,0,-1,0,16,3,0
0,-1,2,-1,-6,-18,1,2
-1,-4,1,2,8,7,-2,1
1,-3,0,1,0,7,-3,-4
2,-3,-6,-6,-1,16,1,1
3,2,-3,-2,1,7,5,-1
-3,2,-5,-4,-5,1,9,0
-8,4,-5,-1,-1,-2,-3,0
-7,1,-2,3,-2,-10,-5,-3
-6,3,4,-1,-1,-7,-11,-3
-3,1,3,4,0,-6,-8,2
2,1,0,3,3,-4,-5,0
2,0,2,2,-4,1,-6,-3
-1,-2,0,1,-4,6,-4,-6
-2,-2,-2,-4,-6,6,2,-6
1,-3,0,-7,-3,7,4,-1
-3,-5,-4,-1,1,0,7,2
2,-3,-7,-3,0,-4,11,3
3,-3,-4,-3,1,-4,4,2
0,-3,2,4,1,-7,6,0
-2,-1,4,0,0,-10,5,2
0,5,7,2,3,-8,-8,1
-1,6,5,-1,1,-11,-10,-3
-2,0,3,0,1,-10,-10,-4
0,-1,1,-2,-1,-4,-7,-5
-5,-4,-7,-1,2,-1,3,1
1,-1,-6,1,0,-1,4,3
-1,1,-3,-3,0,5,14,-1
1,-2,-5,-3,-4,11,5,-1
1,-5,2,-3,-4,11,-7,-4
-3,-1,6,-2,-4,10,-8,-3
-2,1,-2,-1,0,9,-21,3
1,0,-2,-5,1,13,-14,-2
-1,-5,-4,1,-1,13,-3,-1
-1,-6,-3,2,-5,10,-1,-2
0,0,0,1,-6,10,4,-3
1,2,1,-2,-2,0,4,0
-1,1,2,-1,6,-3,4,-1
-6,-1,-4,1,4,-4,4,-2
-4,-1,-5,-2,-3,-10,3,-3
-2,-3,-2,-3,1,-12,0,-4
0,-3,2,-4,-3,-7,0,-1
3,-4,2,0,-3,-8,3,2
2,1,2,0,-1,-3,1,-1
0,4,1,3,0,-10,2,-1
1,3,-4,-2,2,-2,-2,-3
-1,1,-4,-1,3,-2,-1,0
-1,-4,3,0,-2,-7,-1,4
-3,3,-1,-4,1,1,2,1
-4,0,-4,-2,0,3,1,-5
-2,-4,-3,-3,-1,-1,-2,-4
0,-8,-6,2,-1,-1,-2,-4
1,-7,-1,2,-4,2,2,-2
-3,-3,-1,3,-3,-7,-1,1
-1,1,-1,1,-6,9,-4,-2
2,2,1,0,-1,4,-1,0
-1,-4,-2,2,2,5,-1,3
1,-2,0,-3,-1,0,1,1
-3,-1,2,-4,-2,-9,-3,0
0,0,-4,-8,-3,-6,-1,1
-1,-9,2,-2,1,-8,-1,3
-2,-4,0,3,2,-5,-2,4
-4,-1,0,0,3,-6,2,-1
-1,2,-3,1,1,-1,2,-8
4,2,-2,2,-1,1,-2,-3
2,2,-3,-1,-2,2,-3,-1
-2,5,-1,-2,1,1,-6,2
-3,4,-1,-4,1,2,-2,-3
-3,5,-1,-4,-2,1,0,-1
0,1,2,2,1,-1,-2,0
4,-2,-1,1,3,-2,-1,1
3,-4,1,2,4,2,0,2
-2,0,-4,-4,-2,0,1,1
0,1,-5,-6,-3,-1,4,0
2,-1,-1,-6,-6,-1,-1,-5
-1,-2,3,0,-2,1,-3,-2
-2,1,0,2,-4,-1,1,-2
-2,0,1,2,-3,3,1,-2
1,-2,-2,0,-1,2,-1,-1
2,-3,-3,1,-2,-2,-1,-2
-4,-1,-1,3,-2,-1,-2,-3
-2,-2,0,0,3,1,0,2
-2,1,1,0,3,-1,-1,3
-2,-2,-1,-3,-1,-6,0,1
-1,-3,-3,-2,1,-3,0,-2
0,-4,-3,-2,-3,3,1,-9
1,-4,0,-3,0,0,-1,-9
2,0,1,0,3,4,1,-4
-1,1,4,-2,-2,-3,-4,-1
-3,3,-1,-2,-4,1,-3,5
-1,2,-2,1,-1,1,-5,5
0,-2,-3,1,1,0,-3,0
2,-2,-1,1,-2,0,-2,0
2,-4,-2,0,1,-1,-1,-4
-2,0,-1,-4,-2,0,2,-1
-4,2,-4,-1,-3,2,2,0
3,1,-6,3,-3,1,0,3
-3,1,1,-4,-1,0,-2,-3
-1,-1,-4,-4,-2,1,-2,-2
-1,-3,-2,-2,0,-3,-7,-1
-4,-2,-7,-1,4,-2,-6,-1
-5,-1,-3,1,3,-2,1,1
-3,-3,2,1,0,-5,1,-2
0,1,4,1,-5,-2,1,-3
1,-2,2,0,-5,-3,1,-2
3,-1,0,0,-2,-2,-3,-2
-1,-4,0,1,-2,-5,-3,-3
-2,-2,-3,-2,0,-2,-1,1
3,-2,-1,-5,-2,-6,1,1
3,0,-2,-4,0,0,-1,-1
-3,2,-5,-1,1,1,1,-3
-5,0,-4,0,0,1,-3,0
-6,-2,6,-3,2,3,1,-4
-4,1,3,0,-5,2,0,0
3,0,-3,2,-2,-1,-3,1
2,-1,0,-1,-2,-1,-2,-2
-2,-1,1,-2,-1,-1,-3,0
-4,-2,2,0,-1,0,-2,2
-2,0,0,-2,-1,3,0,2
-1,-1,-3,1,0,-2,1,-1
1,-1,-6,0,4,-2,-2,-1
0,-5,-2,0,-3,1,1,-4
1,-7,0,2,-2,-2,5,-3
1,-4,6,0,-1,-2,-5,-1
-1,1,3,-2,-2,-2,-14,0
-1,-1,-4,-3,-1,-5,-25,0
-1,-1,-1,-3,3,-5,-15,-1
0,-2,-6,-4,0,-1,3,-3
1,-1,-6,-4,-3,0,8,-1
-3,-1,-3,-2,2,0,6,2
-4,-1,0,-1,-3,2,3,5
-2,1,6,1,0,3,3,2
0,2,3,1,0,0,3,1
2,1,2,-3,-1,1,2,1
-4,-5,5,3,0,-5,4,-4
-3,-6,-4,-1,-3,-4,7,1
-1,-1,-4,-1,-2,1,6,-1
1,2,-5,-2,2,-6,7,-2
-4,0,-2,0,1,4,0,-2
2,-1,0,0,4,7,6,-1
1,-2,1,2,0,-1,-6,-1
-3,-2,1,0,-3,0,7,-5
1,0,0,-1,-2,0,-8,-1
-5,2,-3,0,-5,-4,1,-1
2,2,0,-1,-2,-5,-8,0
2,4,-2,-5,-1,4,10,-2
3,7,2,-2,-2,3,9,-4
-8,4,5,1,0,6,6,-2
0,-6,-4,0,-4,8,9,1
0,-5,-1,2,-2,5,7,6
-1,-9,-7,-4,-2,11,4,-4
6,8,-3,-3,-1,3,-25,0
-10,-21,-5,-6,-4,-8,-7,-8
1,0,1,-6,0,-11,-11,0
-3,8,-1,-5,1,-17,-32,2
2,-6,1,2,2,-20,-7,2
-1,8,3,4,0,-21,10,-4
-7,-10,-4,4,-5,-14,16,-4
8,7,2,5,-3,-56,19,4
-5,-4,-7,1,-1,-30,2,-1
-4,-2,-3,10,1,-8,-14,0
0,-10,-3,2,4,13,-9,-2
-8,2,2,-2,0,25,-7,-2
7,0,4,-4,1,-3,-9,1
-2,5,-2,-10,-3,-45,0,-3
-1,4,1,0,1,-15,-8,-5
-5,0,-4,1,4,2,-5,-8
4,-2,-4,-9,-16,1,4,-8
-1,-1,6,5,-2,55,6,2
2,11,0,-3,1,13,-4,4
-5,-7,1,7,2,19,8,10
-2,-7,1,-8,-3,28,3,0
-1,-3,-5,-17,-2,27,-4,-4
8,-2,-11,-5,-5,15,-7,0
0,14,0,-8,4,19,7,1
-1,11,2,-1,6,16,2,2
-9,-4,-1,0,3,0,-5,-8
-11,-7,-1,1,0,9,4,2
-6,-14,-2,-3,-13,-16,0,2
-8,-12,-3,1,-8,-10,-6,-5
-4,9,11,9,-15,-17,-7,4
-20,2,-8,1,6,-12,-10,-8
7,-5,-11,-8,-24,-22,1,-1
12,7,7,5,-18,-48,5,-1
17,3,-6,-1,0,-1,1,-5
13,4,5,-2,30,71,5,3
12,-1,1,-2,35,121,-4,2
-5,-9,-6,-4,7,108,-7,0
-2,-10,2,-6,34,79,1,2
-12,0,0,-17,-24,-45,-5,-5
4,10,8,21,3,35,5,4
-10,7,-17,-3,7,76,-3,2
-16,1,-4,5,-9,-36,1,-2
-22,-5,8,-5,-4,-90,-3,-3
1,-21,3,-8,0,-95,-1,-3
6,5,22,39,14,-118,-2,1
-1,-10,-4,-4,-70,-112,-3,3
16,-6,-6,39,6,-68,15,6
-3,0,-13,-18,-12,-69,0,-7
-1,7,0,3,25,-34,-5,-8
3,19,19,11,28,-40,4,-2
22,8,7,3,5,-46,2,10
4,-5,-1,11,-6,15,-7,-4
5,-13,-10,-19,-7,22,-2,-8
6,-7,-6,-8,3,12,-3,-5
3,-2,2,-8,-9,-15,-9,-7
4,-1,-2,5,11,8,4,6
1,3,0,-2,-4,-8,1,7
-2,4,-6,-10,2,2,3,3
4,5,8,-1,10,47,-3,4
-9,-5,3,-3,-19,61,-17,-12
-13,-9,-8,0,-4,82,20,-4
-13,-18,-7,-4,16,-37,-9,-14
-5,2,-10,-3,-11,-32,-16,-14
-5,9,-18,-31,-9,-85,-4,-1
-6,11,4,6,5,-128,-11,-1
2,-3,-3,18,-22,19,5,5
1,-11,-11,-32,-27,-82,-14,3
5,-6,8,14,7,-80,-8,-9
5,-7,6,1,8,75,8,8
7,-1,1,-16,11,110,21,6
3,3,13,15,6,127,15,11
-14,-15,6,11,-15,127,3,9
-11,-7,-24,-41,12,87,-11,-13
6,4,-8,-4,-9,115,-6,-3
4,1,-5,-7,7,127,14,1
-4,7,7,3,16,47,0,-3
8,9,10,0,-3,56,7,13
8,3,6,2,0,20,-8,3
-13,-7,-13,-12,-11,-70,-9,-17
5,4,1,6,3,-69,8,1
5,-5,2,11,-7,-63,5,-10
8,2,-2,1,9,-116,1,6
-2,-1,9,14,0,-105,-28,-8
2,-4,-15,-20,-6,-128,12,4
-3,3,-14,-17,-15,-105,9,-2
-6,8,-1,-2,4,-18,2,3
-1,-1,12,10,9,-42,-2,0
2,-5,-4,0,-6,-50,2,11
10,7,3,-6,-2,-94,-8,5
10,-1,-3,-28,-2,-105,9,15
9,3,1,11,-2,-42,-15,-23
-13,-14,-4,-2,3,29,2,11
-29,-13,-1,2,-8,45,6,-3
-5,2,4,13,4,71,2,-16
-2,-3,-5,-7,-6,68,0,-4
-32,-1,5,-1,-1,47,-20,-24
-3,-12,-6,2,1,20,7,13
-15,3,-4,2,3,2,-20,-7
12,24,12,-1,7,36,8,13
21,8,11,37,4,-7,-7,14
-13,-17,-11,-9,-21,-41,-54,-16
6,-12,-9,5,-7,-24,18,-21
-42,-24,-4,17,-7,107,9,0
-2,1,-11,-7,-2,57,26,-23
25,15,16,13,8,77,13,11
-8,-3,1,-10,4,-79,-10,7
-11,3,-21,-23,-10,-81,-26,-19
1,19,18,3,-6,-14,6,6
15,-2,-1,-2,-5,-83,-16,1
7,0,0,11,0,-55,7,5
0,-5,-2,-17,6,-111,12,9
34,7,-13,-18,3,-104,-5,-3
-76,-4,3,16,2,-41,-1,0
-24,-5,10,0,5,50,1,-2
-10,-13,-20,-54,4,78,13,4
8,-21,-3,18,-16,114,-13,-15
-13,-3,-7,3,-12,84,4,-10
41,32,13,26,5,73,-9,8
44,14,5,17,-10,56,-26,9
-15,-10,-9,-27,2,-43,22,16
15,-2,8,-1,0,-76,0,-16
-73,-9,-2,0,-3,-115,-3,-3
-64,3,-1,6,4,-128,-2,1
19,9,1,-3,11,-106,-10,9
94,-10,-5,5,-2,51,13,-5
5,2,4,-13,2,125,-5,-1
-10,-7,3,12,-4,119,8,2
-61,0,3,25,4,127,-1,3
4,-13,-31,-79,-15,0,-20,-17
107,2,-1,6,-1,-1,3,5
122,7,6,6,-2,-90,20,5
92,-14,-8,0,-8,26,-8,-5
82,15,12,16,9,86,4,1
56,-2,-7,-7,1,59,-1,-1
50,-6,1,2,2,87,6,1
10,0,6,-9,2,38,0,0
-19,7,8,10,3,17,7,11
-77,-14,-8,-5,-3,13,-8,-9
-51,-3,1,8,1,41,9,4
0,-25,5,-2,-1,-18,-6,-3
-36,-7,5,10,0,-36,0,2
-45,-2,-11,-9,-1,-21,-6,-7
-2,9,-10,-1,-3,-82,4,-5
-38,17,-1,-3,-1,-32,-10,-5
-30,7,1,10,0,10,-3,-2
-8,0,4,2,-1,50,1,5
-39,0,3,4,-3,38,-4,2
-38,5,-4,-3,1,39,5,-1
-48,3,1,1,5,12,3,3
-6,-1,-2,-5,-3,5,-2,-6
-36,-8,0,-15,-7,30,3,1
-12,-6,-9,-3,-10,-4,2,-3
-5,0,-3,1,1,-32,5,5
-9,-2,-5,0,5,-19,-3,3
-8,-1,2,11,3,-4,-2,-3
23,10,6,-3,-1,4,3,5
-19,0,4,0,-6,-2,-11,-6
-24,-5,2,4,-3,-1,-4,1
-19,-6,0,-1,2,-2,-7,-4
-24,0,-1,-4,5,-43,-5,-4
-1,1,-1,-1,-1,-47,0,-3
2,1,-3,-3,-1,-49,1,-1
-8,1,-2,1,2,3,1,0
-3,-1,1,-1,2,-32,2,-2
-7,-3,-6,6,1,-50,-2,2
-14,1,-2,-2,-5,-125,1,2
-12,-1,2,0,-4,-56,-1,0
-37,0,-2,0,-3,-56,-5,-3
-32,-1,0,-3,1,60,-9,3
5,-4,-3,-4,-5,47,-3,2
20,3,1,-2,-3,-99,-5,-5
36,3,-3,-13,-5,-50,-1,-3
29,-5,-1,3,0,-3,0,1
-66,-3,0,-2,3,48,-5,2
-14,-3,-1,2,1,67,-4,1
-33,1,-4,0,3,62,3,-5
-18,-4,0,-3,-1,26,8,0
-31,-8,-4,-1,1,45,4,-4
-25,-8,0,2,2,95,4,-3
-6,-1,2,0,1,123,-3,-3
6,3,0,1,0,95,0,3
49,-3,0,0,-4,82,2,0
58,-3,1,-4,-6,75,-2,-4
34,3,0,-3,-3,66,1,2
5,-2,-1,0,0,35,2,0
23,-1,-1,2,-3,3,1,0
-118,-49,0,4,0,0,0,1
-37,-6,0,5,2,2,2,2
-66,-3,-1,4,3,-31,6,-2
40,19,-2,-1,-2,-30,5,-5
102,30,-4,-1,1,-12,3,-3
100,17,2,-3,0,-27,0,-2
116,11,4,-4,2,-31,-2,3
103,-1,-2,-2,-5,-20,-3,2
99,2,-3,-2,-1,-20,-3,-2
33,-12,-3,0,-2,-24,0,-5
9,-2,-2,0,-5,-26,-1,1
-42,-11,0,0,-2,-15,-2,-1
-56,-3,0,1,-3,-18,-2,1
-62,-2,2,2,-2,-9,-4,1
-36,-1,0,-1,0,-3,1,1
-73,-2,3,2,3,-11,-2,-2
-43,7,-1,-1,2,-10,-2,-1
-29,2,-6,0,2,-13,0,-1
-56,3,-4,-2,-2,-16,-1,2
3,7,-1,0,-3,-10,0,0
-4,10,1,-7,-6,1,-1,-4
-2,4,1,-4,-3,3,-5,-5
6,2,-2,-6,-7,0,-2,-3
-9,-6,-4,-8,1,1,-2,1
17,0,-2,-2,-2,-2,0,2
46,-23,0,-1,-1,-5,1,3
50,-27,-1,2,4,-8,-2,0
45,-53,1,4,-2,-8,2,-2
2,-9,-3,8,0,-8,4,-2
-43,7,-1,4,-1,-8,0,-3
-28,28,2,2,2,-4,3,0
-25,37,-3,-1,1,-2,0,-2
10,21,2,-1,2,-7,-1,3
5,-28,-2,-3,0,-7,-2,-1
1,-30,-2,-2,1,0,-3,-3
31,-38,-2,2,-1,0,-1,0
14,-8,-4,3,0,-2,-1,1
7,9,1,3,-1,-3,-3,0
4,26,2,0,-5,-6,-2,0
-9,36,1,-4,-5,-6,-1,-1
-7,33,2,-1,-4,-4,-1,-2
-5,23,1,-5,-1,0,0,-3
-2,2,-4,-4,1,1,1,-2
-12,7,-4,0,1,1,-1,0
1,-14,-6,0,3,0,3,1
3,-3,0,-2,0,-5,0,2
6,-6,0,0,-5,-5,-4,1
2,-1,2,-1,-6,-4,-6,1
-2,-10,-1,0,-2,-3,-4,2
-7,-3,-4,-1,3,0,-1,-2
